"EntrezID","S_mrna"
"1",0
"1000",0
"10000",4.43797914045748
"100049587",0
"10007",0
"10008",0
"10009",0
"10010",0
"100101267",0
"100113407",0
"100124700",0
"100128264",0
"100128327",0
"100129543",0
"10013",0
"100130958",0
"100131439",0
"100132406",0
"100132963",0
"100134938",0
"100137049",0
"10014",1.77625400973957
"100144748",0
"10015",0
"100170841",0
"10018",0
"10019",0
"10020",0
"10021",0
"10024",0
"10025",1.44033986107437
"100287482",0
"100287932",0
"100288413",0
"100288485",0
"100288695",0
"100288797",0
"100289678",0
"1003",0
"100302736",0
"100303755",0
"100316868",0
"10036",0
"10038",0
"1004",0
"10040",0
"10042",0
"10043",0
"10045",0
"10046",0
"100462977",0
"100462983",0
"100463289",0
"100463482",0
"100463486",0
"100463488",0
"100463489",0
"10049",0
"1005",0
"100505591",0
"100506012",0
"100506658",0
"100506736",0
"100507249",1.77625400973957
"100507421",0
"100507436",0
"100507608",0
"10051",0
"100526737",0
"100526740",0
"100526760",0
"100526767",0
"100526783",0
"100526794",0
"100526842",0
"100528030",0
"100529063",0
"100529241",4.43797914045748
"10053",0
"100532726",0
"100532731",0
"100532736",0
"100533105",0
"100534599",0
"10055",0
"10057",0
"10058",0
"10059",0
"10061",0
"100616113",0
"100616282",0
"100616459",0
"10066",0
"10067",0
"10075",0
"10079",0
"100820829",0
"10085",0
"10086",0
"10087",0
"1009",0
"10090",0
"10092",0
"10094",0
"10095",0
"10096",0
"10097",4.43797914045748
"10099",0
"100996668",0
"100996928",0
"1010",0
"10101",0
"10103",0
"10105",0
"10106",0
"101060200",0
"101060541",0
"10109",0
"10111",0
"10112",0
"10113",0
"10114",0
"10116",4.43797914045748
"10120",0
"10121",0
"10123",0
"10125",0
"10127",0
"10129",0
"10131",0
"10133",0
"10134",0
"10135",0
"10137",0
"10140",0
"10142",0
"10144",0
"10146",0
"10147",0
"10148",0
"10149",0
"10152",0
"10155",0
"10156",1.77625400973957
"10159",0
"10160",0
"10162",0
"10163",0
"10165",0
"10166",0
"10169",0
"1017",0
"10172",0
"10175",0
"10178",0
"10179",0
"10180",0
"10184",0
"10186",0
"1019",0
"10193",1.6909636059233
"10194",0
"10195",0
"10196",0
"10197",0
"10198",0
"10199",0
"102",0
"10201",0
"10203",0
"10206",0
"10207",0
"10208",0
"10209",0
"1021",4.43797914045748
"10210",0
"10211",0
"10212",0
"10217",4.43797914045748
"10218",0
"10220",0
"10224",0
"10225",0
"10226",0
"10227",0
"10228",0
"102288414",0
"10232",0
"10236",0
"10238",0
"10239",0
"10241",0
"10243",0
"10248",0
"10249",1.6909636059233
"1025",1.6909636059233
"10250",0
"10252",0
"10253",0
"10257",0
"1026",0
"10269",0
"1027",1.77625400973957
"10270",0
"10272",0
"10273",0
"10274",0
"10276",0
"10277",0
"10279",0
"10280",0
"10284",0
"10285",0
"10286",0
"10287",1.77625400973957
"10288",0
"1029",0
"10291",0
"10293",0
"10295",0
"10298",0
"10299",0
"103",0
"10301",0
"10308",0
"10309",0
"10311",0
"10313",0
"10314",4.43797914045748
"10316",0
"10317",0
"10318",0
"10319",0
"1032",0
"10320",0
"10322",0
"10327",0
"10329",0
"1033",0
"10333",0
"10336",0
"10342",0
"10349",1.6909636059233
"10351",0
"10352",4.43797914045748
"1036",0
"10360",0
"10365",0
"10369",0
"10370",0
"10376",0
"10379",0
"1038",0
"10380",0
"10381",0
"10382",0
"10383",0
"10384",4.43797914045748
"10389",0
"10390",0
"10391",0
"10393",0
"10395",4.43797914045748
"10397",0
"10399",0
"104",0
"1040",0
"10400",0
"10401",0
"10402",0
"10409",0
"10410",0
"10411",0
"10412",0
"10413",0
"10417",0
"10420",0
"10421",0
"10423",0
"10424",0
"10425",0
"10426",0
"10427",0
"10430",0
"10434",0
"10438",1.44033986107437
"10440",0
"10443",0
"10444",0
"10445",0
"10447",0
"10449",0
"10450",0
"10451",0
"10452",0
"10454",1.6909636059233
"10455",0
"10456",1.44033986107437
"10459",0
"10460",0
"10463",0
"10471",0
"10472",0
"10473",0
"10475",0
"10476",0
"10477",0
"10479",0
"10480",0
"10481",0
"10483",0
"10484",0
"10485",0
"10489",0
"10491",0
"10492",0
"10493",0
"10494",0
"10495",0
"10497",0
"10498",0
"10499",0
"1050",0
"10505",0
"10507",0
"10509",0
"1051",0
"10513",0
"10514",0
"10516",0
"10518",0
"10521",0
"10522",0
"10523",0
"10525",0
"10526",0
"10527",0
"10529",0
"1053",0
"10531",0
"10533",0
"10534",0
"10535",0
"1054",0
"10541",0
"10542",0
"10552",0
"10553",0
"10556",0
"10557",0
"10558",0
"10560",0
"10564",0
"10565",0
"10567",0
"10569",0
"10574",0
"10575",0
"10577",0
"10579",0
"1058",0
"10587",0
"10589",0
"1059",0
"10591",0
"10592",0
"10594",0
"10597",0
"10600",0
"10602",0
"10605",0
"10606",0
"10607",0
"10608",0
"10611",0
"10614",0
"10616",0
"10617",0
"10618",1.6909636059233
"1062",0
"10620",0
"10621",0
"10622",0
"10625",0
"10628",0
"10629",0
"1063",0
"10630",0
"10632",0
"10634",0
"10635",0
"10637",0
"10638",0
"10640",0
"10642",0
"10643",0
"10644",0
"10645",0
"10652",0
"10655",4.43797914045748
"10656",0
"10657",0
"10658",0
"10659",0
"10660",0
"10664",0
"10666",0
"10671",0
"10672",0
"10673",0
"10675",0
"10678",0
"10681",0
"10682",0
"10686",0
"10687",0
"10691",1.6909636059233
"107",0
"10712",0
"10714",0
"10715",0
"10716",0
"1072",0
"10721",0
"10723",0
"10725",0
"10728",0
"1073",0
"10730",0
"10732",0
"10733",0
"10735",0
"10741",0
"10743",0
"10745",0
"10746",0
"10749",0
"10752",0
"10755",0
"10758",0
"10762",4.43797914045748
"10763",0
"10766",1.44033986107437
"10767",0
"10768",0
"10771",0
"10772",0
"10773",0
"10775",0
"10776",0
"10777",0
"10780",0
"10782",0
"10783",0
"10785",0
"10787",1.6909636059233
"10793",0
"10794",0
"10795",0
"10797",0
"10801",0
"10802",4.43797914045748
"10806",0
"10807",0
"10808",0
"10809",0
"10810",0
"10815",0
"10818",0
"10825",0
"10826",0
"10838",0
"10844",0
"10845",0
"10847",0
"10848",0
"10849",0
"10855",0
"10856",0
"10857",0
"10859",0
"10863",0
"10865",0
"10866",0
"10874",0
"10884",0
"10885",0
"10890",0
"10891",0
"10892",0
"10894",0
"10898",0
"109",0
"10904",0
"10905",0
"10906",0
"10907",0
"10908",4.43797914045748
"10910",1.6909636059233
"10914",0
"10915",0
"10921",0
"10922",0
"10924",0
"10927",0
"10928",0
"10933",0
"10935",0
"10936",0
"10938",0
"10940",0
"10942",4.43797914045748
"10943",0
"10945",0
"10946",0
"10947",0
"10948",0
"10949",0
"10950",0
"10951",0
"10952",0
"10953",0
"10955",0
"10957",0
"10959",0
"10960",0
"10963",0
"10964",0
"10965",0
"10966",0
"10969",0
"10970",0
"10971",0
"10972",0
"10973",0
"10974",0
"10975",1.44033986107437
"10979",0
"10980",0
"10981",0
"10982",0
"10983",0
"10985",0
"10988",0
"10992",0
"10994",0
"10999",0
"11001",0
"11004",0
"11006",0
"11014",0
"11018",0
"11019",0
"1102",0
"11021",0
"11022",0
"11027",0
"11030",0
"11031",0
"1104",0
"11043",0
"11044",0
"11046",0
"11047",0
"1105",0
"11051",0
"11052",0
"11054",0
"11056",0
"11057",0
"11059",0
"11060",0
"11062",0
"11063",0
"11064",0
"11067",0
"11069",0
"1107",0
"11070",0
"11073",0
"11076",0
"11078",0
"11079",0
"1108",0
"11080",0
"11083",0
"11093",0
"11094",0
"11097",0
"11098",0
"11100",0
"11101",0
"11102",0
"11104",0
"11108",4.43797914045748
"1111",4.43797914045748
"11112",0
"11113",0
"11116",0
"11118",0
"11119",0
"1112",0
"11122",0
"11124",0
"11127",1.6909636059233
"11128",1.6909636059233
"11130",0
"11131",0
"11133",0
"11138",0
"11140",0
"11141",0
"11143",0
"11145",0
"11146",0
"11147",0
"11148",0
"11149",0
"11153",0
"11156",0
"11157",0
"11158",0
"11159",0
"11160",0
"11161",0
"11163",0
"11164",1.6909636059233
"11165",0
"11167",0
"11170",0
"11176",0
"11177",0
"11179",0
"11180",0
"11182",0
"11185",0
"11186",0
"11191",0
"11193",0
"11194",0
"11196",0
"11198",0
"112",0
"11200",0
"11201",0
"1121",0
"11213",1.44033986107437
"11214",1.6909636059233
"11215",0
"11216",0
"11217",0
"11218",0
"11219",0
"1122",0
"11221",0
"11222",0
"11226",0
"11228",0
"1123",0
"11230",0
"11231",0
"11234",0
"11235",0
"11236",0
"11237",0
"11238",0
"112398",0
"112399",0
"11240",0
"11243",0
"11244",0
"11245",0
"112464",0
"112476",1.6909636059233
"112479",0
"11248",0
"112487",0
"11249",0
"112495",0
"11250",0
"11252",0
"11253",0
"112574",0
"11258",0
"11259",0
"11260",0
"112609",0
"11261",0
"112616",0
"11264",0
"11266",0
"11267",0
"11269",0
"112703",0
"112724",0
"11273",0
"11274",0
"112755",0
"11276",0
"112770",0
"11278",0
"11279",1.6909636059233
"112817",0
"112840",0
"112849",0
"11285",0
"112858",0
"112885",0
"112936",0
"112937",0
"112939",1.44033986107437
"113",0
"113026",0
"1131",0
"11311",0
"11313",1.44033986107437
"113146",0
"11315",0
"11317",0
"113178",4.43797914045748
"113189",0
"11320",0
"113201",0
"11321",0
"113246",0
"11325",0
"113263",0
"113277",0
"113278",0
"11328",0
"11329",0
"11330",0
"11331",0
"11332",0
"11333",0
"11334",0
"11335",0
"11337",0
"11338",0
"11339",0
"11341",0
"113419",0
"11343",0
"113444",0
"11345",0
"113451",0
"113452",0
"113457",0
"11346",0
"113510",0
"113612",0
"113655",0
"113828",0
"113829",0
"113835",0
"1140",0
"114034",0
"114043",0
"114294",0
"114299",0
"114327",0
"114609",0
"114757",0
"114781",0
"114785",0
"114786",0
"114787",0
"114789",0
"114790",0
"114791",0
"114792",0
"114793",0
"114794",0
"114795",0
"114801",0
"114804",0
"114823",0
"114826",0
"114876",0
"114880",0
"114882",0
"114884",0
"114899",0
"114904",0
"114908",0
"114984",0
"114987",0
"114990",0
"114991",0
"115",0
"115004",0
"115019",0
"115098",0
"115106",0
"115196",0
"1152",0
"115201",0
"115207",0
"115273",0
"115290",0
"115294",0
"115330",0
"115353",0
"115361",0
"1154",0
"115416",0
"115426",0
"1155",0
"115509",0
"115548",0
"115557",0
"115572",0
"115650",1.6909636059233
"115704",0
"115708",0
"115752",0
"115817",0
"115825",0
"1159",0
"115908",0
"116064",1.6909636059233
"116068",0
"116085",0
"116092",0
"1161",0
"116113",0
"116115",0
"116138",4.43797914045748
"116143",1.6909636059233
"116150",0
"116228",0
"116236",0
"116254",0
"116255",0
"1163",1.6909636059233
"116362",0
"1164",0
"116449",0
"116461",0
"116496",0
"116835",0
"116841",0
"116842",0
"116931",0
"116984",0
"116987",0
"117",0
"117145",0
"117157",0
"117159",0
"117177",4.43797914045748
"117178",0
"117247",1.6909636059233
"117285",0
"1173",0
"1174",0
"1175",0
"117581",0
"117584",0
"117608",0
"118",0
"1184",0
"118426",0
"118429",0
"118460",0
"1185",0
"1186",0
"118738",0
"118788",0
"118812",0
"118813",0
"118881",0
"118980",0
"118987",0
"119032",0
"1191",0
"1192",0
"119391",0
"119392",0
"1195",0
"119504",0
"119710",0
"120",0
"1200",0
"120114",0
"120224",0
"120227",0
"1203",0
"120526",0
"1207",0
"1209",0
"120935",0
"121006",0
"1211",0
"121227",0
"121260",0
"121274",0
"1213",0
"121441",0
"121457",0
"121504",0
"121512",0
"121665",0
"122060",0
"122416",0
"122525",0
"122786",0
"122809",0
"122830",0
"122961",0
"1230",0
"123016",0
"123041",0
"123207",0
"123228",0
"123263",0
"1234",0
"1235",0
"1236",0
"123606",0
"123720",0
"123722",0
"123775",0
"123811",0
"123876",0
"123879",0
"123920",0
"124056",0
"124152",0
"124245",0
"124401",0
"124454",0
"124460",0
"124491",0
"124540",0
"124590",1.77625400973957
"124751",0
"124773",0
"124801",0
"124857",0
"124923",0
"124930",0
"124935",1.6909636059233
"124976",0
"124997",0
"125",0
"125111",0
"125170",0
"125228",0
"125242",0
"125476",0
"125488",0
"1258",0
"125919",0
"125950",0
"1260",0
"126014",4.43797914045748
"126017",0
"126069",0
"126070",0
"126074",0
"1262",0
"126208",0
"126231",0
"126259",1.6909636059233
"126272",0
"126282",1.6909636059233
"126298",0
"126308",1.77625400973957
"126321",0
"126328",0
"126353",0
"126374",0
"126393",0
"126526",0
"126549",0
"126567",0
"1266",0
"126626",0
"126637",0
"126669",0
"1267",0
"126731",0
"126961",0
"127",0
"127018",0
"127262",1.6909636059233
"127281",0
"127428",1.6909636059233
"127544",0
"127687",0
"1277",0
"127700",0
"127795",0
"1278",0
"127829",0
"127833",0
"127845",0
"127933",0
"128",0
"128077",0
"1281",0
"128178",0
"1282",0
"128209",0
"128312",0
"128338",0
"128387",0
"1284",0
"128553",1.6909636059233
"1286",0
"128611",0
"128637",0
"128710",0
"128866",0
"128869",0
"128876",0
"1289",0
"128977",0
"128989",0
"1290",0
"129049",0
"1291",0
"1292",0
"129401",0
"129446",0
"1295",0
"129563",0
"1296",0
"129607",0
"129685",0
"1297",0
"1298",0
"129807",0
"129880",0
"130026",0
"130074",0
"130132",0
"1303",0
"130340",0
"130367",0
"130399",0
"130497",0
"1305",0
"130502",0
"130507",4.43797914045748
"130574",0
"130589",0
"130617",0
"1308",0
"130814",0
"130827",0
"130872",0
"130888",0
"1310",0
"131118",0
"131177",0
"1312",0
"131405",1.77625400973957
"131408",0
"131474",0
"131544",0
"131566",0
"131578",0
"131583",0
"1316",0
"131601",0
"1317",0
"1318",0
"131870",0
"131890",0
"131965",0
"132",0
"132204",0
"132228",0
"132299",1.6909636059233
"132430",0
"1326",0
"132660",0
"1327",0
"132720",0
"132789",0
"132864",0
"132884",0
"133",0
"133121",0
"133383",0
"133396",0
"133418",4.43797914045748
"133522",0
"133584",0
"133619",0
"1337",0
"133746",0
"133957",0
"1340",0
"134147",0
"134218",0
"134265",0
"134266",0
"134353",0
"134553",0
"134637",0
"134728",0
"134829",0
"1349",0
"134957",0
"1350",0
"1351",0
"135112",0
"135114",0
"135152",0
"1352",0
"135250",0
"135293",0
"135398",0
"135656",0
"136051",0
"136259",0
"1363",0
"136319",0
"1364",0
"136647",0
"1368",0
"1371",0
"1373",0
"1374",0
"137492",0
"1375",0
"1376",0
"137886",0
"137964",0
"137970",0
"137994",0
"138151",0
"138199",0
"1382",0
"138241",0
"138311",0
"1385",0
"1386",0
"138639",0
"1387",0
"138716",0
"1389",4.43797914045748
"1390",0
"139065",0
"139231",0
"139285",0
"139322",0
"139324",1.44033986107437
"139411",0
"139562",0
"139716",0
"1398",4.43797914045748
"139886",0
"1399",0
"140",0
"1401",0
"1404",0
"140453",0
"140456",0
"140459",0
"140460",0
"140576",0
"140578",0
"1406",0
"140609",0
"140680",0
"140685",1.77625400973957
"140688",0
"140690",0
"1407",0
"140700",0
"140706",0
"140707",0
"140710",0
"140730",0
"140733",0
"140735",4.43797914045748
"140738",0
"140739",0
"140766",1.77625400973957
"140775",0
"1408",0
"140831",0
"140862",0
"140876",0
"140883",0
"140890",4.43797914045748
"140901",0
"141",0
"14102",0
"142",0
"142679",0
"142891",0
"1431",0
"143187",0
"1432",0
"143244",0
"143282",0
"143384",4.43797914045748
"1434",0
"1435",0
"143570",0
"1436",0
"143630",0
"143686",0
"143689",0
"143872",0
"143888",4.43797914045748
"143903",0
"144097",0
"144100",0
"144108",0
"144110",0
"144132",0
"144165",0
"144195",0
"144245",0
"144402",0
"144404",0
"144453",0
"144455",0
"1445",0
"144501",0
"144699",0
"144717",0
"144809",0
"144811",0
"144983",4.43797914045748
"1452",0
"145270",0
"145282",0
"1453",0
"1454",4.43797914045748
"145482",0
"1455",0
"145501",0
"145508",0
"145567",0
"1457",4.43797914045748
"145741",0
"145957",0
"1462",0
"146223",0
"1463",0
"146330",0
"1464",0
"146434",0
"1465",0
"146540",0
"146542",0
"1466",0
"146664",0
"146691",0
"146760",0
"146771",0
"146862",0
"146894",0
"146909",1.77625400973957
"146923",0
"146956",0
"147007",0
"147015",0
"147166",0
"147179",0
"147339",0
"147372",4.43797914045748
"147381",0
"1476",0
"147657",0
"147660",0
"147687",0
"147694",0
"147699",0
"1477",0
"1478",0
"147837",0
"1479",0
"147906",0
"147912",0
"147923",0
"147948",0
"147949",0
"147991",0
"148113",0
"148198",0
"1482",1.44033986107437
"148203",0
"148213",0
"148229",0
"148252",0
"148254",0
"148268",0
"148362",0
"148398",0
"148418",0
"148423",0
"148479",0
"148534",0
"148641",0
"1487",0
"148789",1.77625400973957
"1488",0
"148808",0
"148823",0
"148867",0
"1490",0
"149013",0
"149041",0
"1491",0
"149175",0
"149233",0
"1493",0
"149371",0
"149420",0
"149466",0
"149478",1.6909636059233
"149563",0
"149603",0
"1497",1.6909636059233
"149840",0
"1499",0
"149986",0
"1500",0
"150082",0
"150094",0
"150221",0
"150275",0
"150290",0
"1503",0
"150350",0
"150365",0
"150368",0
"150372",0
"150465",0
"150468",0
"150572",0
"150590",0
"150726",1.44033986107437
"150771",0
"1508",0
"150864",0
"150921",0
"150946",0
"150962",0
"151",1.77625400973957
"151011",0
"151050",0
"151126",0
"151176",0
"151188",0
"151194",0
"1512",0
"151230",0
"151242",0
"151246",0
"151473",0
"151516",0
"151531",0
"151556",0
"151613",0
"151636",0
"151648",1.6909636059233
"151742",0
"151887",0
"151888",0
"151963",0
"1520",0
"152006",0
"152007",0
"152100",0
"1523",0
"152503",0
"152519",0
"152559",0
"152789",0
"1528",0
"152815",1.6909636059233
"152831",0
"152926",1.6909636059233
"153",0
"153090",1.77625400973957
"153201",0
"153222",4.43797914045748
"153241",0
"153339",0
"153443",0
"153478",0
"153562",0
"153579",4.43797914045748
"1536",0
"153642",0
"153745",0
"153768",0
"153769",0
"153830",0
"1540",0
"154007",0
"154043",4.43797914045748
"154075",0
"154214",0
"1543",0
"1544",0
"1545",0
"154661",0
"154743",0
"154791",0
"154807",0
"154810",0
"154881",0
"155",0
"155006",0
"155061",0
"155185",0
"155368",0
"155370",0
"155382",0
"155435",0
"1555",0
"1557",0
"1559",0
"156",0
"157",0
"1573",0
"157378",0
"157506",0
"157567",0
"157570",0
"157638",0
"157657",0
"157769",0
"157777",0
"157807",0
"157848",0
"1579",0
"158",0
"158038",0
"158055",0
"1581",0
"158158",0
"1582",0
"158234",1.6909636059233
"158293",0
"158358",0
"158399",0
"158405",0
"158427",0
"158586",0
"1588",0
"158835",0
"158866",0
"159",0
"159013",0
"159090",0
"1591",0
"159195",0
"159371",0
"1595",1.44033986107437
"16",0
"160",0
"1601",0
"1603",0
"160335",0
"1604",0
"160418",0
"1605",0
"160518",0
"1606",0
"160760",4.43797914045748
"160851",0
"160897",0
"1610",0
"161003",0
"1612",0
"161291",0
"161394",0
"1615",0
"1616",0
"161725",0
"161742",4.43797914045748
"161779",0
"161882",0
"162073",1.6909636059233
"162239",0
"162427",0
"162466",1.44033986107437
"162514",0
"162655",0
"162681",0
"1627",0
"1629",0
"162963",0
"162967",1.6909636059233
"162972",0
"162989",0
"162993",0
"162998",1.44033986107437
"163",4.43797914045748
"1630",0
"163033",0
"163049",0
"163071",0
"163087",0
"163227",0
"163259",0
"163351",0
"1635",0
"163590",0
"163702",1.77625400973957
"163732",0
"163786",0
"163859",0
"163933",0
"164",0
"164045",0
"164091",0
"1641",0
"1642",0
"164395",0
"164633",0
"164832",0
"1650",0
"165186",0
"1652",0
"165215",0
"165324",0
"1654",4.43797914045748
"1655",0
"1656",4.43797914045748
"165631",0
"1657",0
"165829",0
"1659",0
"165918",0
"1660",0
"1662",0
"1663",1.6909636059233
"166336",0
"166348",0
"166378",0
"1665",0
"1666",4.43797914045748
"166793",0
"166929",0
"166968",0
"167153",0
"167227",0
"167465",0
"167555",0
"1676",0
"1677",0
"1678",0
"167826",0
"168374",0
"168400",0
"168451",0
"168455",0
"168544",0
"168620",0
"168850",0
"1690",0
"169200",0
"169611",0
"169714",0
"169981",0
"170384",0
"170589",0
"170622",0
"170692",0
"170954",0
"170958",0
"170959",0
"170960",0
"170961",0
"171017",0
"171023",0
"171177",0
"171483",0
"171484",0
"171528",0
"171568",0
"1718",0
"1719",0
"1723",0
"1727",0
"1729",0
"1733",0
"1734",0
"1735",0
"1736",0
"1737",0
"1739",0
"174",0
"1743",0
"1746",0
"1748",0
"1749",0
"1750",0
"1756",0
"1763",0
"1767",0
"1770",0
"1776",0
"1777",0
"1778",0
"178",0
"1783",0
"1785",0
"1786",0
"1788",0
"1789",0
"18",0
"1802",0
"1806",0
"1808",0
"1810",0
"1815",0
"1819",0
"182",0
"1820",0
"1822",0
"1823",0
"1825",0
"1827",0
"1829",0
"1830",0
"1831",0
"1832",0
"1834",0
"1836",0
"1838",0
"1839",0
"1843",0
"1844",0
"1845",0
"1846",0
"1847",0
"1848",0
"1849",0
"185",0
"1850",0
"1852",0
"1855",0
"1856",0
"1857",0
"1859",0
"186",0
"1869",0
"1870",0
"1871",0
"1874",0
"1875",0
"1876",0
"1877",0
"1880",0
"1889",0
"1890",0
"1891",0
"1892",0
"1894",0
"19",0
"1901",0
"1902",0
"1906",0
"1907",1.6909636059233
"1909",0
"191",0
"1912",0
"1915",0
"1917",0
"192111",0
"192669",0
"192670",0
"192683",0
"1933",0
"1938",0
"1942",1.77625400973957
"1944",0
"1946",0
"1947",0
"1948",4.43797914045748
"1950",0
"1951",0
"1955",0
"1956",0
"1958",0
"195827",0
"195828",4.43797914045748
"1959",0
"196",0
"1960",0
"196051",0
"1962",0
"196383",0
"1964",0
"196441",0
"1965",0
"196500",0
"196527",0
"196740",1.6909636059233
"196743",0
"1968",0
"1969",0
"197131",0
"197257",0
"197258",0
"1973",0
"197322",0
"197350",0
"197358",1.77625400973957
"197370",0
"1974",1.77625400973957
"1975",0
"1977",0
"1978",0
"1979",0
"1982",0
"1983",0
"1984",0
"1993",0
"1995",0
"1996",0
"199699",0
"199704",0
"199745",0
"199777",0
"199857",0
"199870",0
"1999",0
"199953",0
"199990",0
"20",0
"2000",0
"200014",0
"200030",0
"200081",0
"200150",0
"200186",0
"2002",0
"200205",0
"200315",0
"200316",0
"2004",0
"200407",0
"200424",1.77625400973957
"2005",0
"200539",0
"200576",0
"2006",0
"200728",0
"200734",0
"200765",0
"200879",0
"200894",0
"200895",0
"2009",0
"200933",0
"200942",0
"200958",0
"2010",0
"2011",0
"201158",0
"201161",0
"201163",0
"201176",0
"2012",0
"201232",1.44033986107437
"201266",0
"201292",0
"201294",0
"201299",0
"2013",0
"201475",0
"201514",0
"201562",0
"2016",0
"201626",4.43797914045748
"201627",0
"2017",0
"201799",1.6909636059233
"2019",0
"201931",1.44033986107437
"201973",0
"202",0
"2020",0
"202134",1.6909636059233
"2022",0
"202243",0
"2023",0
"202374",0
"2028",0
"202865",0
"2029",0
"202915",0
"2030",0
"203068",0
"203111",0
"203238",0
"203260",0
"203286",0
"2033",0
"203427",0
"2035",0
"203523",4.43797914045748
"203547",0
"2036",0
"2038",0
"2039",0
"204",0
"2040",0
"2043",0
"2045",0
"2048",0
"204851",0
"205",0
"2050",0
"205147",0
"205327",0
"2054",0
"205428",0
"2055",0
"205564",0
"2056",0
"2057",0
"205717",0
"2059",0
"2063",1.77625400973957
"2064",0
"2065",0
"2067",0
"2069",0
"207",0
"2070",0
"2071",0
"2072",0
"2073",0
"2077",0
"2079",0
"208",0
"2081",0
"2091",0
"2098",0
"2099",0
"21",0
"210",0
"2100",0
"2103",0
"2107",0
"2108",0
"2110",0
"2113",0
"2117",0
"2119",0
"2120",0
"2121",1.77625400973957
"2122",0
"2123",0
"2128",0
"2130",0
"2131",4.43797914045748
"2132",0
"2135",0
"2137",0
"214",0
"2145",0
"2146",0
"2147",0
"2149",0
"2150",0
"2151",0
"2152",0
"2158",0
"2165",0
"2166",0
"2170",0
"2176",0
"2177",0
"2180",0
"2182",0
"2186",0
"219",0
"219285",0
"219293",0
"2193",0
"219333",0
"2194",0
"2195",0
"219527",0
"219541",0
"219654",0
"219699",1.77625400973957
"2197",0
"219738",0
"219771",0
"219790",0
"219844",0
"219854",0
"219855",0
"219899",0
"219902",0
"219931",0
"219972",0
"219988",0
"22",0
"220",0
"2200",0
"220002",0
"220042",0
"220047",4.43797914045748
"220074",0
"220134",0
"220136",0
"220213",0
"220323",0
"2204",1.6909636059233
"220441",0
"220963",0
"220965",0
"220988",0
"220992",0
"221",0
"221035",0
"221060",0
"221061",0
"221079",0
"221150",0
"221178",0
"221336",0
"221416",0
"221443",0
"221458",0
"221477",0
"221504",0
"221613",0
"221656",0
"221662",0
"221710",0
"221749",0
"221785",0
"221823",0
"221830",0
"221833",0
"221895",0
"221935",0
"221937",4.43797914045748
"221960",0
"222",0
"222068",0
"222166",0
"222194",0
"2222",0
"222235",0
"222236",0
"222255",0
"222484",0
"222553",0
"222611",0
"222662",0
"222663",0
"222962",0
"223",0
"2230",0
"223082",4.43797914045748
"2235",0
"2237",0
"2239",0
"2241",0
"2242",0
"2244",0
"2246",0
"2247",4.43797914045748
"225",0
"2250",0
"2254",0
"2255",0
"2257",0
"226",1.6909636059233
"2260",1.6909636059233
"2261",0
"2262",0
"2263",0
"2264",0
"2272",0
"2274",0
"22794",0
"22795",0
"2280",0
"22800",0
"22801",0
"22803",0
"22806",0
"22807",0
"22808",0
"22818",0
"22820",0
"22821",0
"22824",0
"22826",0
"22828",0
"22829",0
"22832",0
"22834",0
"22835",4.43797914045748
"22836",0
"22837",0
"22838",0
"22841",0
"22846",0
"22847",0
"22848",0
"22849",0
"22850",0
"22853",0
"22856",0
"22858",0
"22859",0
"22862",4.43797914045748
"22863",0
"22864",1.44033986107437
"22866",0
"22870",0
"22872",0
"22873",0
"22874",0
"22875",0
"22876",0
"22877",0
"22879",0
"2288",0
"22881",0
"22883",1.77625400973957
"22884",0
"22887",0
"22888",0
"22889",0
"2289",1.6909636059233
"22893",0
"22894",0
"22895",0
"22897",0
"229",0
"2290",0
"22900",1.44033986107437
"22902",0
"22903",0
"22904",0
"22906",4.43797914045748
"22907",0
"22908",0
"22911",0
"22913",0
"22916",0
"22919",0
"22920",0
"22921",0
"22924",0
"22929",0
"22930",0
"22931",0
"22933",0
"22934",0
"22936",0
"22938",0
"22941",0
"22943",0
"22948",0
"2295",0
"22954",0
"22955",0
"2296",0
"2297",0
"22978",0
"22979",0
"22982",1.6909636059233
"22984",0
"22985",0
"22989",0
"22992",0
"22993",0
"22995",0
"22996",0
"22997",0
"22998",0
"23",0
"230",0
"23001",0
"23002",0
"23005",1.44033986107437
"23008",0
"23011",0
"23012",0
"23013",0
"23014",0
"23015",4.43797914045748
"23017",0
"23019",0
"23022",0
"23023",0
"23025",1.77625400973957
"23029",0
"23031",0
"23034",0
"23035",0
"23036",0
"23038",0
"23039",0
"2304",0
"23041",0
"23047",0
"23048",0
"23049",0
"23051",0
"23052",0
"23054",0
"23057",0
"23059",1.6909636059233
"23060",0
"23061",0
"23062",0
"23063",0
"23065",0
"23066",0
"23067",4.43797914045748
"23071",0
"23075",0
"23076",0
"23077",0
"23078",0
"2308",0
"23080",0
"23082",0
"23085",0
"23086",0
"23087",4.43797914045748
"23089",0
"2309",0
"23091",0
"23092",0
"23095",0
"23096",0
"23097",0
"23099",0
"23101",0
"23102",0
"23105",0
"23107",0
"23108",0
"23109",0
"23111",0
"23112",0
"23114",0
"23118",0
"23119",0
"2312",0
"23125",0
"23126",0
"23129",0
"2313",0
"23130",0
"23131",0
"23132",0
"23133",1.77625400973957
"23135",0
"23136",0
"23137",0
"2314",0
"23141",0
"23151",0
"23152",0
"23154",0
"23155",0
"23157",0
"23158",0
"2316",0
"23161",0
"23162",1.44033986107437
"23163",0
"23164",4.43797914045748
"23165",0
"23168",0
"23169",0
"2317",0
"23170",0
"23171",0
"23172",0
"23173",0
"23174",0
"23175",0
"23176",0
"23178",0
"23181",1.6909636059233
"23184",1.6909636059233
"23186",0
"23189",4.43797914045748
"2319",0
"23190",0
"23192",0
"23193",0
"23194",0
"23195",0
"23196",0
"23197",0
"23198",0
"23199",0
"23200",0
"23201",0
"23203",0
"23204",0
"23205",0
"23207",0
"2321",0
"23210",0
"23211",0
"23213",0
"23214",0
"23215",0
"23216",0
"23219",0
"23220",0
"23221",0
"23224",0
"23225",0
"23230",0
"23231",0
"23232",0
"23235",0
"23236",0
"23237",0
"23239",0
"23240",0
"23241",0
"23243",0
"23244",0
"23245",0
"23246",0
"23247",0
"23248",0
"23250",0
"23252",1.44033986107437
"23253",0
"23255",0
"23258",0
"23259",0
"23261",0
"23262",0
"23264",0
"23265",0
"23266",0
"23268",0
"23269",0
"23270",0
"23271",0
"23272",0
"23275",0
"23276",0
"23277",0
"23279",0
"23281",0
"23283",0
"23286",0
"23287",1.6909636059233
"23288",0
"2329",0
"23294",0
"23295",0
"23299",0
"23300",0
"23301",0
"23305",1.6909636059233
"23306",0
"23307",0
"23308",0
"23309",0
"2331",0
"23313",0
"23314",1.44033986107437
"23316",0
"23317",0
"23318",0
"2332",0
"23321",0
"23322",0
"23324",1.77625400973957
"23326",0
"23327",0
"23328",0
"23331",0
"23332",0
"23333",1.77625400973957
"23334",0
"23335",0
"23336",0
"23338",0
"23339",0
"2334",0
"23341",0
"23344",0
"23345",0
"23347",0
"23348",0
"2335",0
"23350",0
"23351",0
"23352",0
"23354",0
"23355",0
"23357",1.77625400973957
"23361",0
"23362",0
"23365",0
"23366",0
"23367",0
"23369",0
"23370",0
"23373",0
"23378",0
"23382",0
"23383",0
"23385",0
"23386",0
"23389",0
"23394",0
"23395",0
"23396",0
"23397",0
"23399",0
"23401",0
"23404",0
"23405",0
"23406",0
"23410",0
"23411",0
"23413",1.77625400973957
"23414",0
"23418",0
"23429",0
"23432",0
"23433",0
"23435",0
"23439",0
"23446",0
"23450",0
"23451",1.6909636059233
"23456",0
"23463",0
"23466",0
"23467",1.44033986107437
"23468",0
"23469",0
"23471",0
"23476",0
"23478",0
"23479",0
"2348",0
"23481",0
"23483",0
"23484",0
"23492",0
"23493",0
"23498",0
"23499",0
"23500",0
"23503",0
"23506",0
"23507",0
"23508",0
"23509",0
"23510",0
"23511",0
"23512",0
"23515",0
"23516",4.43797914045748
"23521",0
"23522",0
"23523",0
"23524",0
"23527",0
"23528",0
"2353",0
"23530",4.43797914045748
"23534",0
"23542",0
"23543",0
"23545",0
"23548",0
"23549",0
"2355",0
"23550",0
"23554",0
"23555",0
"23556",0
"23557",0
"23558",0
"2356",0
"23560",0
"23567",0
"23568",0
"2357",0
"23576",0
"2358",0
"23580",0
"23583",0
"23584",0
"23585",0
"23587",0
"23588",0
"23589",0
"2359",0
"23590",0
"23592",0
"23593",0
"23594",0
"23597",0
"23598",0
"23604",0
"23607",4.43797914045748
"23608",0
"23609",0
"23612",1.6909636059233
"23613",0
"23616",0
"23621",0
"23627",0
"23633",0
"23635",1.6909636059233
"23636",0
"23637",0
"23640",0
"23644",0
"23645",0
"23646",0
"23647",0
"23649",0
"23650",0
"23654",0
"23657",1.6909636059233
"23660",0
"23666",0
"23670",0
"23671",0
"23673",0
"23677",0
"23678",0
"23682",0
"23683",0
"23704",0
"23705",0
"23710",0
"23729",0
"23731",4.43797914045748
"23743",0
"23746",1.6909636059233
"23753",0
"23760",0
"23761",4.43797914045748
"23765",0
"23770",0
"23780",0
"23786",0
"23787",0
"23788",0
"2395",0
"240",0
"241",0
"24138",0
"24140",0
"24142",0
"24144",0
"24145",0
"24147",0
"244",0
"2444",0
"245806",0
"245908",0
"245910",0
"245972",0
"246126",0
"246175",4.43797914045748
"246243",0
"246269",0
"2491",0
"25",0
"2521",0
"2523",0
"2526",0
"252839",0
"252916",0
"252983",0
"2531",0
"253143",0
"253152",0
"253260",0
"2534",0
"253430",0
"253461",0
"253512",0
"253558",0
"253559",0
"253639",4.43797914045748
"253650",0
"253714",0
"253782",0
"2538",0
"253827",0
"253832",0
"2539",0
"253943",0
"254048",5.87831900153186
"254065",0
"254102",0
"254170",0
"2542",0
"254228",0
"254251",0
"254272",0
"2543",0
"254359",0
"254394",0
"254427",0
"254552",0
"2547",0
"254778",0
"2548",0
"254887",0
"2549",0
"2550",0
"255027",0
"255043",0
"255057",0
"255082",0
"2551",0
"255101",0
"255189",0
"255231",0
"255252",0
"2553",0
"255324",0
"255488",1.77625400973957
"255520",0
"255626",0
"255738",1.77625400973957
"255743",0
"255783",0
"255877",0
"255919",0
"255967",0
"2560",0
"256051",0
"2561",0
"256130",0
"2562",0
"256356",0
"256435",0
"256471",0
"256472",0
"2565",0
"256643",1.6909636059233
"256646",0
"257019",0
"257068",0
"257194",0
"257218",0
"257364",0
"257407",0
"25758",0
"257629",0
"25764",0
"25769",0
"25776",0
"25778",0
"25780",0
"25782",0
"25786",0
"25788",0
"25792",0
"25796",0
"25797",0
"2580",0
"25800",0
"25801",0
"258010",0
"25804",0
"25805",0
"25809",0
"25814",0
"25820",0
"25822",0
"25824",0
"25825",0
"25827",0
"25829",4.43797914045748
"25831",0
"25832",0
"25833",0
"25834",0
"25836",0
"25840",0
"25841",0
"25842",0
"25843",4.43797914045748
"25844",0
"25847",0
"25849",0
"25851",0
"25852",0
"25853",0
"25862",0
"25865",0
"25870",0
"25873",0
"25875",0
"25876",0
"2588",0
"25880",0
"25885",0
"25886",1.6909636059233
"25888",0
"25893",0
"25894",0
"25896",0
"2590",0
"25901",0
"25902",0
"25906",0
"25909",0
"2591",0
"25912",0
"25914",0
"25915",0
"25917",0
"259173",0
"25920",0
"25921",0
"25923",0
"259230",0
"259266",0
"25929",0
"25930",0
"25932",0
"25938",0
"25939",0
"25940",0
"25941",0
"25942",0
"25943",0
"25945",0
"25946",1.77625400973957
"25948",0
"25949",0
"25953",0
"25957",0
"25959",0
"25962",0
"25966",0
"2597",0
"25974",0
"25977",0
"25978",0
"25979",0
"25980",0
"25983",0
"25987",0
"25988",0
"25989",0
"25992",0
"25996",0
"25998",0
"26000",0
"26002",0
"26003",0
"26010",0
"26011",0
"26012",0
"26015",0
"26018",0
"26019",0
"26020",1.6909636059233
"26024",0
"26027",0
"26030",0
"26031",0
"26032",0
"26033",0
"26034",0
"26035",0
"26036",0
"26037",0
"26039",0
"260425",0
"26043",1.6909636059233
"26047",0
"26048",0
"26050",0
"26051",0
"26052",0
"26053",0
"26056",0
"26057",0
"26060",0
"26064",0
"26065",0
"26071",1.77625400973957
"26073",0
"26084",0
"26088",0
"26090",0
"26092",1.6909636059233
"26094",0
"26097",0
"26098",0
"26099",5.87831900153186
"26100",4.43797914045748
"26108",0
"26112",1.6909636059233
"26115",0
"26118",0
"26119",0
"26122",0
"26127",0
"26128",0
"26130",0
"26133",0
"26135",0
"26136",0
"26137",0
"26140",0
"26146",0
"26147",0
"26150",0
"26153",0
"26155",0
"26156",1.6909636059233
"26160",0
"26168",0
"261729",0
"26173",0
"2619",0
"26190",0
"262",0
"26205",0
"26207",0
"2621",0
"26225",0
"26227",0
"26234",0
"26235",0
"2624",0
"26249",1.77625400973957
"2625",0
"26253",0
"26258",0
"26259",0
"2626",0
"26260",0
"26263",0
"26267",0
"2627",0
"26271",0
"26272",0
"26273",0
"26278",0
"2628",0
"2629",0
"26292",0
"2631",0
"2633",0
"2635",0
"26353",0
"26355",0
"2639",0
"2643",0
"2644",0
"2645",0
"26468",0
"26469",0
"26471",0
"2648",0
"2649",5.87831900153186
"265",0
"26502",0
"26503",0
"26504",0
"26505",0
"26508",0
"26511",0
"26517",0
"26519",0
"26520",0
"26521",0
"26523",0
"26524",0
"26528",0
"26574",0
"26577",0
"26578",0
"26580",0
"26585",0
"26586",0
"26608",0
"2662",0
"2664",0
"266629",0
"266727",0
"2669",0
"267",0
"2671",0
"2673",6.12894274638079
"26747",0
"26762",0
"2677",0
"268",0
"2683",0
"26953",0
"26959",0
"26960",0
"2697",0
"26973",0
"26974",0
"26985",0
"26986",0
"26994",0
"26995",0
"26996",0
"27",0
"27010",0
"27020",4.43797914045748
"27030",0
"27031",0
"27034",0
"27042",0
"27043",0
"27044",0
"2705",0
"27069",0
"27072",0
"27079",0
"27086",0
"27089",0
"27097",0
"271",0
"27102",0
"27113",0
"27122",0
"27124",0
"27125",0
"27129",0
"27134",0
"27136",0
"27143",0
"27148",0
"27152",0
"27153",0
"27154",0
"27158",0
"27161",6.21423315019705
"27164",0
"27166",0
"27173",0
"27177",0
"27180",1.6909636059233
"27181",0
"27183",0
"27185",0
"2719",0
"27197",0
"27198",0
"272",0
"2720",0
"27202",0
"27230",0
"27236",0
"27238",0
"27240",1.6909636059233
"27242",0
"27243",0
"27244",0
"27245",0
"27246",0
"27247",0
"27249",0
"27250",0
"27252",0
"27253",0
"27254",0
"27257",0
"27258",0
"27284",0
"27286",0
"27291",0
"27292",0
"27293",0
"27295",0
"27297",1.6909636059233
"273",0
"2730",0
"27300",0
"27301",0
"27303",0
"27304",0
"27314",0
"27319",0
"27324",0
"27327",0
"27328",0
"27329",1.6909636059233
"27332",0
"27333",4.43797914045748
"27335",0
"27338",0
"27339",0
"2734",1.44033986107437
"27340",1.6909636059233
"27341",0
"27342",0
"27343",0
"27345",0
"27346",0
"27348",0
"27349",0
"2735",0
"27350",0
"27351",0
"27352",0
"2737",0
"2739",0
"2742",0
"27430",0
"27433",1.77625400973957
"27434",0
"27436",0
"27440",0
"27443",0
"2745",0
"2747",0
"2752",0
"2760",0
"2762",0
"2764",0
"2766",0
"2768",0
"2770",0
"2771",0
"2773",0
"2776",0
"2778",0
"2779",4.43797914045748
"2782",0
"2783",0
"2785",0
"2787",0
"2788",0
"2790",0
"2794",0
"2796",0
"2798",0
"2799",0
"2800",0
"2801",0
"2802",0
"2803",0
"2805",0
"2806",0
"280658",0
"2810",0
"2814",0
"2817",0
"2820",0
"2821",0
"28227",0
"2823",0
"28232",0
"2824",0
"282809",0
"282973",0
"282991",0
"282996",0
"283",0
"283078",0
"2831",0
"283130",0
"283131",0
"283149",0
"283208",0
"283209",0
"283219",0
"283237",0
"283254",0
"283337",0
"283358",0
"283373",0
"283377",0
"283431",0
"283446",0
"283455",0
"283459",0
"283461",0
"283464",0
"283471",0
"283487",0
"283489",0
"283514",0
"283537",0
"283554",0
"283571",0
"283576",0
"283579",0
"283635",0
"283638",0
"283659",0
"283742",0
"283748",0
"283796",0
"283848",0
"283933",0
"283948",0
"283985",0
"283987",0
"283989",0
"283991",0
"284001",0
"284018",0
"284040",0
"284058",0
"284067",0
"284069",0
"284071",0
"284086",0
"284098",0
"284106",1.6909636059233
"284114",0
"284119",0
"284161",0
"2842",0
"284217",0
"284252",0
"284254",0
"284273",0
"284297",0
"2843",0
"284307",0
"284309",0
"284323",0
"284325",0
"284339",0
"284352",0
"284361",0
"284371",0
"284390",0
"284391",1.6909636059233
"284406",1.6909636059233
"284434",1.6909636059233
"284459",0
"284467",0
"284541",0
"284565",0
"284611",0
"284680",0
"284695",0
"284716",0
"284723",0
"284756",0
"284759",0
"2849",1.77625400973957
"284992",0
"284996",4.43797914045748
"285",0
"2850",4.43797914045748
"285025",0
"28511",0
"28512",0
"285148",0
"285172",0
"285190",0
"285193",0
"285195",0
"285203",0
"285220",0
"285237",0
"285267",0
"285268",0
"285282",0
"285315",0
"285346",0
"285362",0
"285382",0
"285429",0
"285440",0
"285489",0
"285513",4.43797914045748
"285521",0
"285598",0
"285605",0
"285636",0
"285672",0
"285676",0
"285704",0
"285753",0
"285755",0
"285849",0
"285855",0
"2859",0
"286",0
"286077",0
"2861",0
"286223",0
"286262",0
"286343",4.43797914045748
"286410",0
"286451",0
"286499",0
"286676",0
"2868",0
"286826",0
"286827",0
"2870",0
"2872",0
"2873",1.6909636059233
"2876",0
"2878",0
"2879",0
"2882",0
"2885",1.6909636059233
"2889",0
"2890",0
"2891",0
"2892",0
"2894",0
"28951",0
"2896",0
"28960",0
"28962",0
"28966",0
"28969",0
"28970",0
"28971",0
"28972",0
"28973",0
"28974",0
"28978",0
"28982",0
"28985",1.6909636059233
"28987",4.43797914045748
"28988",0
"28989",0
"2899",0
"28991",0
"28996",0
"28998",0
"290",0
"29015",0
"29028",0
"2903",0
"29035",0
"2906",0
"29062",0
"29063",0
"29068",4.43797914045748
"2907",0
"29070",0
"29071",0
"29072",0
"29074",0
"29079",0
"2908",0
"29083",0
"29086",0
"29087",0
"29088",0
"2909",0
"29094",0
"29095",0
"29099",0
"291",0
"29101",0
"29102",0
"29104",0
"29108",0
"29109",0
"2911",1.6909636059233
"29110",0
"29115",0
"29116",0
"29117",0
"29119",0
"29121",0
"29122",0
"29123",0
"29126",0
"29127",0
"29128",0
"2913",0
"2915",0
"2919",0
"292",0
"2923",0
"2926",0
"2931",0
"2932",0
"2934",0
"2935",0
"2936",1.6909636059233
"2937",0
"2947",0
"2950",0
"2956",0
"2957",0
"2960",0
"2962",1.44033986107437
"2966",0
"2967",0
"2969",0
"2972",0
"2975",0
"2976",0
"29761",0
"29763",0
"29766",0
"29767",0
"2977",0
"29777",0
"29780",0
"29781",0
"29789",0
"2979",0
"29799",0
"29801",0
"29803",0
"29841",0
"29842",0
"29843",0
"2987",0
"29883",0
"29886",0
"29887",0
"29888",0
"29890",0
"29893",0
"29894",0
"29899",0
"2990",0
"29902",1.6909636059233
"29903",0
"29904",0
"29906",0
"29914",0
"29915",4.43797914045748
"29916",0
"2992",0
"29923",0
"29924",0
"29926",0
"29927",4.43797914045748
"29928",0
"29933",0
"29934",0
"29940",0
"29941",0
"29942",0
"29943",0
"29945",0
"29946",0
"29950",0
"29956",1.77625400973957
"29957",0
"29959",0
"29964",0
"29965",0
"29966",1.6909636059233
"29967",0
"29968",4.43797914045748
"29969",0
"2997",0
"29974",0
"29979",0
"2998",0
"29982",0
"29985",0
"29988",0
"29993",0
"29994",0
"29997",0
"29998",0
"30",0
"30000",0
"30001",0
"30012",0
"3004",0
"3005",0
"3006",0
"30062",0
"3007",0
"3008",0
"3009",0
"3010",0
"3012",0
"3013",0
"3014",1.44033986107437
"3015",0
"3017",0
"3018",0
"3020",0
"3021",0
"30274",0
"3028",0
"3030",0
"3032",1.44033986107437
"3033",0
"3035",0
"3037",0
"3038",0
"3043",0
"3052",0
"3054",0
"3064",0
"3065",0
"3066",0
"3068",0
"3069",0
"3070",0
"3073",1.77625400973957
"3077",0
"308",0
"3082",0
"30827",0
"30835",0
"30836",0
"30837",0
"3084",0
"30844",0
"30845",0
"30846",0
"30849",0
"30850",0
"30851",0
"309",0
"3090",0
"3091",0
"3092",0
"3093",0
"3094",0
"3096",0
"3098",0
"3099",0
"31",0
"310",0
"3105",0
"3106",0
"3107",0
"311",0
"3110",0
"3111",0
"3122",0
"3127",0
"3133",1.44033986107437
"3134",0
"3135",0
"314",0
"3141",0
"3142",0
"3146",1.6909636059233
"3148",0
"3149",0
"3150",0
"3151",0
"3155",0
"3156",0
"3157",0
"3159",0
"3161",0
"3162",0
"3164",0
"3169",0
"317",0
"3170",0
"3172",0
"3174",0
"317671",0
"3177",0
"317754",0
"317762",0
"317772",0
"317781",0
"3178",4.43797914045748
"3181",0
"3182",1.77625400973957
"3183",0
"3184",0
"3185",0
"3187",0
"3188",0
"319",0
"3190",0
"3191",0
"3192",0
"3195",1.77625400973957
"3198",0
"32",0
"320",0
"3200",0
"3202",0
"3203",0
"3204",0
"3205",0
"3206",0
"3207",0
"3209",0
"3213",0
"3214",0
"3215",0
"3216",0
"3219",0
"3221",0
"3224",0
"3225",0
"3231",0
"3232",0
"3233",0
"3236",0
"3237",0
"3238",0
"3239",0
"324",0
"3241",0
"3248",0
"3250",0
"3251",0
"326",0
"3265",0
"326625",0
"3268",0
"3269",0
"328",0
"3280",0
"3281",0
"329",0
"3294",0
"3295",0
"3298",0
"33",0
"3300",0
"3304",0
"3306",0
"3308",0
"3309",0
"331",0
"3310",0
"3312",4.43797914045748
"3313",0
"332",4.43797914045748
"3320",0
"3321",0
"3326",0
"3329",0
"3339",0
"333932",0
"334",0
"3340",0
"3344",0
"3358",0
"3364",0
"3371",0
"3376",0
"337867",0
"337876",0
"337882",0
"337959",0
"3383",0
"338321",1.6909636059233
"338322",1.6909636059233
"338328",0
"338382",0
"3384",0
"3385",0
"338567",0
"338645",0
"338699",0
"338707",0
"338773",0
"338811",0
"338879",0
"339122",0
"339175",0
"339201",0
"339230",0
"339241",0
"339263",0
"339318",0
"339324",0
"339327",0
"339366",0
"3394",4.43797914045748
"339403",1.6909636059233
"339416",0
"339448",0
"339487",0
"339500",0
"339665",0
"3397",0
"339745",0
"339761",0
"3398",0
"339829",0
"339855",0
"3399",0
"339906",0
"339983",0
"3400",0
"340152",1.44033986107437
"340156",0
"340252",0
"340273",0
"340359",0
"340481",0
"340485",0
"340529",0
"340547",0
"340554",0
"340719",0
"340784",0
"341208",0
"3416",0
"3419",0
"342096",0
"342125",0
"342132",0
"342184",0
"3422",0
"342371",0
"342527",0
"342667",0
"3428",0
"342850",0
"342892",0
"342909",0
"342945",0
"343035",0
"343069",0
"343070",0
"343099",0
"3431",0
"3433",0
"343450",0
"343477",0
"343578",0
"3437",0
"343702",4.43797914045748
"344022",0
"344787",0
"345",0
"345193",0
"345274",3.46721761566287
"3454",0
"3455",0
"3456",0
"345651",0
"345778",0
"346007",0
"346288",0
"346389",0
"346606",0
"346653",0
"347240",0
"347273",1.6909636059233
"347344",0
"347404",0
"3475",0
"347733",0
"3479",0
"347902",0
"3480",0
"3481",0
"348110",0
"348158",0
"3482",0
"348262",0
"3484",0
"3486",0
"348654",0
"3487",0
"348738",0
"348793",0
"3488",0
"348995",0
"3490",0
"3491",0
"349633",0
"349667",0
"35",0
"350",0
"3508",0
"351",0
"3516",0
"352909",0
"353",0
"353088",0
"353116",0
"353131",0
"353189",0
"353274",0
"353324",0
"353376",0
"353500",0
"3547",0
"355",0
"3550",0
"3551",0
"3553",0
"3554",0
"3556",0
"3557",0
"3559",0
"356",0
"3569",0
"3570",0
"3572",0
"3574",0
"3575",0
"3576",0
"3579",0
"3587",0
"3588",0
"3589",0
"3592",0
"3595",0
"3597",0
"359845",0
"359948",0
"36",0
"360",0
"3600",0
"360165",0
"3607",0
"3608",0
"3609",0
"3611",0
"3612",0
"3613",0
"3614",0
"3615",0
"3617",0
"3619",0
"3621",0
"3624",0
"3627",0
"363",0
"3631",0
"3636",0
"3638",0
"3641",0
"3652",4.43797914045748
"3654",0
"3656",0
"3658",0
"3659",0
"3660",0
"3662",0
"3663",0
"3667",0
"367",1.77625400973957
"3672",0
"3673",0
"3675",0
"3678",0
"368",0
"3685",0
"3688",1.44033986107437
"369",0
"3690",0
"3691",0
"3692",0
"3693",0
"3696",0
"37",0
"3703",0
"3704",0
"3707",0
"3708",0
"3709",0
"3710",0
"3712",0
"3714",0
"3716",0
"3717",0
"372",0
"3720",0
"3725",0
"3726",0
"3727",0
"3728",0
"373",0
"373156",0
"374",0
"3741",0
"3743",0
"374354",0
"374378",0
"374383",0
"374393",0
"374395",0
"374407",0
"3745",0
"3746",0
"374618",0
"374654",0
"374655",0
"374768",0
"3748",0
"374875",0
"374879",0
"374897",0
"3749",0
"374946",0
"374955",0
"374986",1.6909636059233
"375",0
"375033",0
"375035",0
"375056",0
"375057",0
"375061",0
"375189",0
"3752",0
"375248",0
"375287",0
"375323",1.77625400973957
"375341",0
"375444",0
"375449",0
"3755",0
"375519",0
"375567",0
"375593",0
"3756",0
"375612",0
"3757",0
"375743",0
"375775",0
"3760",0
"376267",0
"3763",0
"3764",0
"376497",0
"3766",0
"3767",0
"3768",0
"377",0
"3775",0
"3776",0
"377677",0
"3777",0
"3779",0
"3780",0
"378108",0
"3782",1.77625400973957
"378708",0
"378807",0
"378825",0
"378938",0
"379",0
"3790",0
"3791",0
"3796",0
"3798",0
"3799",4.43797914045748
"38",0
"3800",0
"3801",0
"3817",0
"382",0
"3823",0
"3824",0
"3833",0
"3836",0
"3837",0
"3838",1.6909636059233
"3839",4.43797914045748
"384",0
"3840",0
"3841",0
"3842",0
"3843",0
"3845",0
"3846",0
"3855",0
"3856",0
"3858",0
"3861",0
"387",0
"387032",0
"387104",4.43797914045748
"387119",0
"387263",0
"387328",0
"387332",0
"387338",0
"387521",0
"387522",0
"387712",0
"387837",0
"387885",0
"387893",0
"387914",0
"387921",0
"388",0
"388021",0
"388115",0
"388121",0
"3882",0
"388228",1.44033986107437
"388272",0
"3883",0
"388325",0
"388336",0
"388403",0
"388512",0
"388531",0
"388536",0
"388552",0
"388567",0
"388569",0
"388662",0
"388695",0
"388697",0
"388698",0
"388722",0
"388730",0
"388939",0
"388951",0
"389",0
"389015",0
"389072",0
"389084",0
"389114",0
"389136",0
"389206",0
"389362",0
"389421",0
"389432",0
"389434",0
"389524",0
"389643",0
"389668",0
"389677",0
"3897",0
"3898",0
"389856",0
"3899",0
"39",0
"390",0
"390036",0
"390637",0
"390748",0
"390790",0
"3908",0
"390874",0
"390916",0
"390927",0
"390980",0
"391",0
"3910",0
"391013",0
"391059",0
"3911",0
"391104",0
"3912",0
"3914",0
"3915",0
"3916",0
"3918",0
"392",0
"3920",0
"3921",0
"3925",0
"3927",0
"3929",0
"3930",0
"3939",0
"394263",0
"3945",0
"3949",0
"3953",0
"3954",0
"3956",0
"3959",0
"396",1.44033986107437
"3965",0
"3975",0
"3976",0
"3977",0
"3983",1.6909636059233
"3984",0
"3987",0
"3988",0
"3990",0
"3992",0
"3993",0
"399473",0
"399474",0
"3995",0
"3996",0
"399664",0
"399665",0
"399687",0
"399694",0
"399726",0
"3998",0
"399823",0
"399948",0
"399967",0
"399979",0
"400",0
"4000",0
"4001",0
"400451",0
"400591",0
"400673",0
"400720",0
"400735",0
"400745",0
"400746",0
"400798",4.43797914045748
"400916",0
"400935",0
"400954",0
"401089",0
"401124",0
"401136",0
"401137",0
"401152",0
"4012",0
"401250",0
"401258",0
"401265",0
"4013",0
"401335",0
"401387",0
"401409",0
"401474",0
"401494",0
"4015",0
"401505",0
"401535",0
"401541",0
"401548",0
"401563",0
"4016",0
"401612",0
"4017",0
"401944",0
"402",0
"402055",0
"4023",0
"402415",0
"4026",0
"402665",1.6909636059233
"403",0
"403314",0
"403341",0
"4034",0
"4037",0
"4040",0
"404217",0
"4043",0
"4045",0
"404672",0
"4047",0
"404785",0
"4048",0
"405",0
"4051",0
"4052",0
"4053",0
"4055",0
"4061",0
"4062",0
"4064",0
"4067",0
"4069",0
"4071",0
"4074",0
"4076",0
"4077",0
"407738",0
"408",0
"408050",0
"4081",0
"4082",0
"408263",0
"4084",0
"4085",0
"4087",0
"4088",0
"4089",0
"409",0
"4090",0
"4091",0
"4092",4.43797914045748
"4093",0
"4094",0
"4097",0
"4099",0
"41",0
"410",0
"4102",0
"4105",0
"4111",0
"4115",0
"4117",0
"412",0
"4121",0
"4122",0
"4124",0
"4128",0
"4129",0
"4130",0
"4131",0
"4134",0
"414",0
"414062",0
"4141",0
"414149",0
"414152",0
"414236",0
"414241",0
"4143",0
"414332",0
"4144",0
"4148",0
"4149",0
"414918",0
"414919",0
"415",0
"4150",0
"415116",0
"4152",0
"4153",0
"4154",0
"4158",0
"4162",0
"4163",0
"4166",0
"4170",0
"4172",0
"4173",1.6909636059233
"4174",0
"4175",0
"4176",0
"4179",0
"4188",0
"4189",0
"4191",0
"4192",1.77625400973957
"4193",0
"4194",0
"420",0
"4200",0
"4201",0
"4204",0
"4205",0
"4208",0
"4209",0
"4211",0
"4212",0
"4213",0
"4214",0
"4215",0
"4216",0
"4217",0
"4218",0
"4221",0
"4233",0
"4234",0
"4237",0
"4239",0
"4240",0
"4241",0
"4249",0
"4250",0
"4253",0
"4254",0
"4255",0
"4259",0
"4261",0
"4267",0
"427",0
"4277",0
"4281",0
"4285",0
"4286",0
"4287",0
"4288",0
"4289",0
"4291",0
"4292",0
"4293",0
"4295",0
"4296",0
"4297",0
"4298",6.21423315019705
"4299",0
"43",0
"430",0
"4300",0
"4301",0
"4302",0
"4306",0
"4308",0
"4313",0
"4316",0
"4318",0
"4322",0
"4323",0
"4324",0
"4326",0
"4327",0
"433",0
"4335",0
"4336",0
"4338",0
"4343",0
"4350",0
"4351",0
"4352",0
"4353",0
"4354",0
"4355",0
"4359",1.6909636059233
"4361",0
"4363",0
"439",0
"439921",0
"440023",0
"440026",0
"440073",0
"440093",0
"440107",0
"440193",0
"440270",4.43797914045748
"440503",0
"440519",0
"440560",0
"440574",0
"440590",0
"440603",0
"440689",0
"440730",0
"441061",0
"441151",0
"441212",0
"441234",0
"441478",1.44033986107437
"441531",0
"441549",1.6909636059233
"441631",0
"441869",0
"443",0
"4430",0
"4436",0
"4437",0
"444",0
"4440",0
"445",0
"445815",0
"4478",0
"4482",0
"4488",0
"4489",0
"4494",0
"4501",0
"4507",0
"4508",0
"4512",0
"4513",0
"4514",0
"4520",0
"4522",0
"4524",0
"4535",0
"4536",0
"4537",0
"4538",0
"4539",0
"4540",0
"4541",0
"4542",0
"4548",0
"4552",0
"4582",0
"4591",0
"4597",0
"4598",0
"4600",0
"4601",0
"4602",0
"4603",0
"4604",0
"4605",1.77625400973957
"4609",0
"4613",0
"4615",0
"462",0
"4620",0
"4627",0
"4628",0
"4629",0
"463",0
"4637",0
"4638",0
"4641",0
"4642",0
"4643",0
"4644",4.43797914045748
"4646",0
"4649",0
"4650",0
"4651",0
"4654",0
"4659",0
"466",0
"4660",0
"4664",0
"4665",0
"4666",0
"4670",0
"4673",0
"4676",0
"4677",0
"4678",0
"4680",0
"4681",0
"4682",0
"4683",0
"4684",0
"4686",0
"4688",0
"4691",0
"4695",0
"4698",0
"47",0
"4701",0
"4705",0
"471",0
"4711",0
"4716",0
"4718",0
"4719",0
"472",0
"4720",0
"4725",0
"473",0
"4731",0
"4733",0
"4734",0
"4735",0
"4736",0
"4741",0
"474170",0
"474383",0
"474384",0
"4744",0
"475",0
"4750",0
"4751",0
"4752",0
"4758",0
"476",0
"4760",0
"4761",0
"477",1.6909636059233
"4771",0
"4772",0
"4774",0
"4775",0
"4779",0
"4781",0
"4782",0
"4784",0
"4790",0
"4791",0
"4792",0
"4796",0
"4800",0
"4801",0
"4804",0
"4809",0
"481",0
"4810",0
"4811",0
"4814",0
"4820",0
"4821",0
"4824",0
"483",0
"4831",0
"4832",0
"4833",0
"4835",0
"4837",0
"4838",0
"4841",0
"4842",0
"4846",0
"4848",0
"4850",0
"4851",0
"4853",0
"4857",0
"4858",0
"4860",0
"4861",0
"4863",0
"4864",0
"4867",0
"4869",4.43797914045748
"488",0
"4881",0
"4884",0
"489",0
"4891",0
"4893",0
"4898",0
"4899",0
"490",0
"4900",0
"4902",0
"4904",0
"4905",0
"4907",0
"4908",0
"4909",0
"4913",0
"4915",0
"4916",0
"4919",0
"492",0
"4921",0
"4923",0
"492307",0
"4924",0
"4925",0
"4926",0
"4928",0
"493",0
"4931",0
"493829",1.6909636059233
"493856",0
"493869",0
"4939",0
"4940",0
"494115",0
"494118",1.6909636059233
"494188",0
"494197",1.6909636059233
"4943",0
"494470",0
"4946",0
"4948",0
"4952",4.43797914045748
"4953",0
"4958",0
"4967",0
"4973",4.43797914045748
"4976",0
"497661",0
"498",0
"4982",0
"49854",0
"4986",0
"4987",0
"4990",0
"4998",0
"5000",4.43797914045748
"5001",0
"5007",0
"501",0
"5017",0
"5018",0
"5021",0
"5026",0
"5027",0
"5034",0
"503582",0
"5036",0
"503614",0
"5037",0
"504180",0
"5045",0
"5048",0
"50488",0
"50489",0
"5049",0
"5050",0
"50506",0
"50507",0
"50509",0
"5051",0
"5054",0
"5055",0
"5058",0
"506",0
"50615",0
"50618",0
"5062",0
"50624",0
"50628",0
"5063",0
"50636",0
"5064",0
"50649",0
"5066",0
"5069",0
"50717",0
"5073",0
"5074",0
"5075",4.43797914045748
"5076",0
"5077",0
"5079",0
"50804",0
"50805",0
"50807",0
"50808",0
"50809",0
"50813",0
"5082",0
"5083",0
"50848",0
"50852",0
"50861",0
"50862",0
"50863",0
"5087",0
"5088",0
"5089",0
"509",0
"5090",0
"5092",0
"5093",0
"50937",0
"5094",0
"50943",0
"50945",0
"5095",0
"5096",0
"5099",0
"50999",0
"51",0
"5100",0
"51001",0
"51004",0
"51006",0
"51008",4.43797914045748
"51009",0
"51014",0
"51015",0
"51018",0
"51020",0
"51021",0
"51022",0
"51026",0
"51028",0
"51031",0
"51043",0
"51046",0
"51053",0
"51057",0
"51058",4.43797914045748
"51068",0
"51069",0
"51070",0
"51072",0
"51074",0
"51075",0
"51077",0
"51085",0
"51090",0
"51095",0
"51096",0
"51099",0
"5110",4.43797914045748
"51100",0
"51104",0
"51105",0
"51107",0
"51108",0
"51109",0
"5111",0
"51110",0
"51111",0
"51115",0
"51116",0
"51122",0
"51123",0
"51124",0
"51125",0
"51126",0
"51128",0
"51129",0
"51132",0
"51134",0
"51135",0
"51136",0
"51141",1.77625400973957
"51142",0
"51144",0
"51147",0
"51148",0
"51149",0
"51150",0
"51154",0
"51155",0
"51160",0
"51163",1.44033986107437
"51164",0
"51167",0
"51174",1.6909636059233
"51175",0
"51177",0
"51181",0
"51182",0
"51185",0
"51188",0
"51192",0
"51193",0
"51194",0
"51196",1.44033986107437
"51199",0
"51200",0
"51201",0
"51203",0
"51204",0
"51205",0
"51218",0
"5122",0
"51227",0
"51228",0
"51230",0
"51232",0
"51236",0
"51244",0
"51246",0
"51248",0
"51249",0
"51253",0
"51257",0
"51259",0
"5127",0
"51274",0
"51277",0
"51278",0
"51279",0
"5128",4.43797914045748
"51280",0
"51281",0
"51283",0
"51284",0
"51287",0
"51290",0
"51292",0
"51293",0
"51299",0
"5130",0
"51307",1.77625400973957
"51316",0
"51317",0
"51318",0
"51319",0
"51322",0
"51329",0
"51330",0
"51332",0
"51335",0
"51337",0
"51339",0
"51340",0
"51341",0
"51343",0
"51351",0
"5136",0
"51361",0
"51363",0
"51366",0
"51367",0
"51374",0
"51375",0
"51378",0
"51379",0
"5138",0
"51384",0
"51385",0
"51386",0
"51388",0
"51389",0
"51393",0
"51398",0
"51399",0
"5140",0
"51409",0
"5141",0
"51421",0
"51427",0
"51428",0
"51429",0
"5143",0
"51430",0
"51433",0
"51434",0
"51435",0
"5144",0
"51441",0
"51449",6.12894274638079
"5145",1.6909636059233
"51450",0
"51454",0
"51455",0
"51458",0
"51460",0
"5147",0
"51474",0
"51475",0
"51479",0
"51493",0
"51495",0
"51496",0
"5150",0
"51504",0
"51513",0
"51514",0
"51517",0
"51520",0
"51523",0
"51524",0
"51531",0
"51533",0
"51534",1.6909636059233
"51537",0
"51540",0
"51542",0
"51545",0
"51547",0
"5155",0
"51552",0
"51555",0
"51557",0
"51559",0
"5156",0
"51564",0
"51566",0
"51569",0
"51571",0
"51573",1.77625400973957
"51575",0
"51582",0
"51585",0
"51586",0
"51588",0
"51592",0
"51593",0
"516",0
"5160",0
"51605",0
"51608",0
"5161",0
"51611",0
"51614",0
"51616",0
"51619",0
"5162",0
"51621",0
"51622",0
"51629",0
"5163",0
"51631",0
"51645",0
"51649",0
"5165",0
"51650",0
"51651",0
"51652",0
"51659",0
"5166",0
"51665",1.44033986107437
"51667",0
"51669",0
"5167",0
"51684",0
"51690",0
"51693",0
"51696",0
"5170",0
"51701",0
"51702",0
"51703",0
"51704",1.77625400973957
"51714",0
"51715",0
"51719",0
"5172",0
"51725",0
"51727",0
"51728",0
"51729",0
"5173",0
"51734",0
"51735",0
"51742",0
"51744",0
"51747",0
"51752",0
"51754",0
"51759",0
"51761",0
"51762",0
"51765",0
"51773",0
"51776",0
"51778",0
"51780",0
"518",4.43797914045748
"51804",0
"51805",0
"51808",0
"51809",0
"5187",0
"5188",0
"5190",1.77625400973957
"5191",0
"5194",0
"5195",0
"5198",0
"52",0
"5202",0
"5205",0
"5208",0
"5209",0
"5212",0
"5213",0
"5214",0
"5216",0
"5217",0
"5218",0
"522",0
"5223",1.77625400973957
"5228",0
"5229",0
"523",0
"5230",0
"5236",0
"5238",0
"5239",0
"5241",0
"5243",0
"525",0
"5250",0
"5251",0
"5252",0
"5255",4.43797914045748
"526",0
"5265",0
"5268",0
"5269",0
"5274",0
"5281",0
"5284",0
"5286",0
"5287",0
"529",0
"5290",0
"5291",0
"5292",0
"5293",0
"5295",4.43797914045748
"5300",1.77625400973957
"5305",0
"5306",0
"5307",0
"5309",0
"5310",0
"5311",0
"5313",0
"5315",0
"5316",0
"5317",0
"5321",0
"5322",0
"5324",4.43797914045748
"5326",0
"5327",0
"5328",0
"5329",0
"5331",0
"5333",0
"53335",0
"53339",0
"5334",0
"53340",0
"53344",0
"53345",0
"53346",0
"53349",0
"5335",0
"53353",0
"53354",0
"53358",0
"5336",0
"5337",0
"5339",0
"53405",0
"53407",0
"5341",0
"5347",0
"5348",0
"535",0
"5351",0
"5355",0
"5356",0
"5357",0
"5358",0
"5359",0
"5361",0
"53615",0
"5362",0
"53635",0
"53637",0
"5364",0
"5366",0
"537",0
"5371",0
"5376",1.44033986107437
"538",0
"53826",0
"53827",0
"53833",0
"53834",0
"53838",0
"539",0
"53904",0
"53917",0
"53918",0
"53938",0
"5394",1.6909636059233
"53944",0
"53947",0
"5395",0
"5396",0
"53981",0
"54014",0
"54069",0
"54093",0
"54101",0
"54102",0
"54107",0
"54108",0
"5411",0
"5412",0
"5414",0
"54149",0
"541565",0
"54165",0
"54187",0
"5420",0
"54205",0
"54206",0
"54207",0
"5422",0
"5424",0
"5425",0
"5426",0
"5430",0
"5431",0
"5432",0
"5433",0
"54332",0
"5434",0
"5435",0
"54361",0
"5437",0
"5438",0
"54386",0
"5439",0
"54407",0
"5441",0
"54414",0
"5442",0
"54429",0
"54431",4.43797914045748
"54433",0
"54438",0
"54439",0
"5444",0
"54442",0
"54443",0
"5445",0
"54453",0
"54454",0
"54455",1.6909636059233
"54458",0
"54460",0
"54462",0
"54463",0
"54464",0
"54467",0
"54468",0
"5447",0
"54470",0
"54471",1.6909636059233
"54472",0
"54475",0
"54476",0
"54480",0
"54482",0
"54487",0
"54490",0
"54491",0
"54492",0
"54495",0
"54498",0
"54499",0
"545",0
"54502",0
"54509",0
"5451",0
"54511",0
"54516",0
"54521",0
"54529",0
"54531",0
"54532",4.43797914045748
"54534",0
"54537",0
"54539",0
"5454",0
"54540",0
"54541",0
"54545",0
"54549",0
"5455",0
"54552",0
"54554",0
"54555",0
"54557",0
"54558",0
"54566",0
"54567",0
"5457",0
"54575",0
"54583",0
"54584",0
"54587",0
"546",0
"54602",0
"54606",0
"54617",0
"54619",0
"5462",0
"54620",0
"54622",0
"54625",0
"54626",0
"54629",0
"5465",0
"54662",1.77625400973957
"54663",0
"54664",0
"54665",0
"5467",0
"54675",0
"54676",1.77625400973957
"54677",0
"5468",0
"54680",0
"54682",0
"5469",0
"547",0
"5470",0
"54700",0
"54704",0
"54707",1.6909636059233
"5471",0
"54715",0
"54726",0
"54732",0
"54737",0
"54741",0
"54742",0
"54749",0
"54751",0
"54753",0
"5476",0
"54764",0
"54765",0
"54776",0
"54778",0
"5478",0
"54780",0
"54784",0
"54788",0
"5479",0
"54790",0
"54796",0
"54797",0
"54799",0
"5480",0
"54800",0
"54801",0
"54805",4.43797914045748
"5481",0
"54811",0
"54812",0
"54813",0
"54814",4.43797914045748
"54815",0
"54820",0
"54821",0
"54822",0
"54828",0
"54829",0
"54832",0
"54838",1.77625400973957
"54840",1.6909636059233
"54841",0
"54842",0
"54845",0
"54849",0
"54852",0
"54853",0
"54855",0
"54856",0
"54858",0
"54859",0
"54861",0
"54863",0
"548644",0
"548645",0
"54865",0
"54867",0
"54868",0
"54872",0
"54874",0
"54876",1.77625400973957
"54877",0
"54878",0
"54879",0
"54880",0
"54881",0
"54887",0
"54888",0
"54890",0
"54891",0
"54892",0
"54893",0
"54897",0
"54899",0
"54900",0
"54901",0
"54904",0
"54905",0
"54906",0
"54908",0
"54910",0
"54913",0
"54915",0
"54918",0
"54919",0
"54920",0
"54921",0
"54922",0
"54926",0
"54927",0
"54929",0
"5493",0
"54931",0
"54933",1.6909636059233
"54934",0
"54935",0
"54938",0
"5494",4.43797914045748
"54940",0
"54941",0
"54942",0
"54943",4.43797914045748
"54949",0
"5495",0
"54953",0
"54955",0
"54956",0
"54957",0
"54958",0
"5496",0
"54960",0
"54961",0
"54962",0
"54965",0
"54968",0
"54971",0
"54973",0
"54976",1.44033986107437
"54977",0
"54978",0
"54982",0
"54989",0
"5499",0
"54993",1.6909636059233
"54994",4.43797914045748
"55",0
"550",0
"5500",0
"55001",0
"55003",0
"55004",4.43797914045748
"55005",0
"55007",0
"55009",0
"5501",0
"55011",0
"55013",0
"55014",0
"55015",0
"55017",0
"55018",0
"5502",0
"55020",0
"55023",0
"55028",0
"55031",0
"55032",0
"55033",0
"55035",0
"55037",0
"55038",4.43797914045748
"5504",0
"55041",0
"55048",0
"55054",0
"55066",0
"55069",0
"55071",0
"55074",0
"55075",0
"55076",0
"55084",0
"55086",0
"55088",0
"55089",0
"5509",0
"55090",0
"55092",0
"55094",0
"55095",1.77625400973957
"5510",0
"55100",0
"55102",0
"55103",0
"55106",0
"55107",0
"55108",0
"55109",0
"55114",0
"55119",0
"55124",0
"55127",0
"55128",0
"55131",0
"55132",0
"55133",0
"55135",0
"55137",0
"55139",0
"5514",0
"55140",0
"55142",0
"55143",0
"55145",0
"55147",0
"55148",0
"55149",0
"5515",0
"55153",0
"55156",0
"55157",0
"55159",0
"55160",0
"55161",0
"55163",0
"55165",0
"55166",1.44033986107437
"55167",0
"55171",0
"55172",1.44033986107437
"55173",0
"55175",0
"55176",0
"55178",0
"55179",0
"5518",0
"55180",0
"55183",4.43797914045748
"55186",0
"55187",0
"55188",0
"5519",0
"55193",0
"55195",0
"55196",0
"55198",0
"552",0
"5520",0
"55201",0
"55204",0
"55205",0
"55206",4.43797914045748
"55207",0
"55209",4.43797914045748
"55210",0
"55212",0
"55215",0
"55216",0
"55220",0
"55222",0
"55225",0
"55226",1.77625400973957
"55227",0
"55228",0
"5523",0
"55233",0
"55234",0
"55236",0
"55238",0
"55239",1.6909636059233
"5524",0
"55240",0
"55244",1.77625400973957
"55246",0
"55247",0
"55250",0
"55252",0
"55254",0
"55257",0
"55262",0
"55266",0
"55269",0
"5527",4.43797914045748
"55270",0
"55273",4.43797914045748
"55274",0
"55275",0
"55276",0
"55278",0
"5528",0
"55280",0
"55284",0
"55285",0
"552889",0
"5529",0
"55291",0
"55294",0
"55296",0
"55298",0
"55299",0
"55300",4.43797914045748
"55301",0
"55303",0
"55304",0
"55308",0
"5531",0
"55311",0
"553115",0
"55312",4.43797914045748
"553158",0
"55316",0
"55319",0
"5532",0
"55320",0
"55321",0
"55322",0
"55324",0
"55325",0
"55326",0
"55327",4.43797914045748
"55329",0
"55330",0
"55332",0
"55333",1.77625400973957
"55334",0
"55339",0
"5534",0
"55341",0
"55342",0
"55343",0
"55344",0
"55349",0
"55350",0
"55355",0
"55362",0
"55364",0
"55366",0
"5537",0
"55379",0
"55388",0
"5540",0
"55421",0
"55422",0
"55425",0
"554250",0
"554251",0
"554313",0
"55432",0
"55435",0
"55437",0
"55450",1.6909636059233
"55454",0
"55471",0
"5549",0
"55500",0
"55501",0
"55502",0
"55508",0
"55521",0
"55526",0
"55527",0
"55530",0
"55531",0
"55534",0
"55536",0
"55540",0
"55544",0
"55552",0
"55556",0
"55558",0
"55568",0
"5557",0
"55571",0
"55572",0
"55573",0
"55577",0
"55578",0
"5558",0
"55582",0
"55585",0
"55586",0
"55588",0
"55589",0
"55591",0
"55593",0
"55596",0
"55599",0
"55602",0
"55603",0
"55605",0
"55609",0
"55610",0
"55611",1.44033986107437
"55612",0
"55614",0
"55619",0
"5562",0
"55621",0
"55623",0
"55624",0
"55626",0
"55627",0
"55629",4.43797914045748
"5563",0
"55631",0
"55632",0
"55633",0
"55635",0
"55636",1.77625400973957
"55643",0
"5565",0
"55651",0
"55652",0
"55653",0
"55654",1.44033986107437
"55656",0
"55658",1.77625400973957
"55659",0
"5566",0
"55662",0
"55663",0
"55664",4.43797914045748
"55665",0
"55666",0
"55669",0
"5567",0
"55670",0
"55672",0
"55676",0
"55677",0
"55679",0
"55680",0
"55681",0
"55683",0
"55686",0
"55687",0
"55689",0
"55690",0
"55693",0
"55696",0
"55697",0
"55698",0
"55699",0
"55700",0
"55701",0
"55703",0
"55705",0
"55706",0
"55707",0
"5571",0
"55711",0
"55714",0
"55716",0
"55717",0
"55718",0
"55719",0
"55720",0
"55721",0
"55722",0
"55723",0
"55727",0
"55728",0
"55729",0
"5573",0
"55731",0
"55732",0
"55735",0
"55737",1.77625400973957
"55740",0
"55742",0
"55744",0
"55745",0
"55748",0
"55749",0
"55750",0
"55751",0
"55754",0
"55755",0
"55758",0
"55759",0
"5576",4.43797914045748
"55762",0
"55769",0
"55775",0
"55776",0
"55777",0
"5578",0
"55781",0
"55783",0
"55785",0
"55786",0
"55787",0
"5579",0
"55790",0
"55791",0
"55793",0
"55794",0
"55796",0
"55798",1.6909636059233
"55799",0
"558",0
"55802",0
"55809",0
"5581",0
"55810",0
"55813",0
"55814",0
"55824",0
"55825",0
"55829",0
"55831",0
"55832",0
"55833",0
"55839",0
"55840",0
"55841",0
"55843",0
"55844",0
"55846",0
"55847",0
"55848",0
"5585",0
"55851",0
"55852",0
"55858",0
"55859",0
"5586",0
"55861",0
"55862",0
"5587",0
"55870",4.43797914045748
"55871",0
"55879",0
"55884",0
"5589",0
"55890",1.77625400973957
"55893",0
"55898",0
"5590",0
"55906",0
"55914",0
"55916",0
"55917",0
"55920",0
"55922",0
"55924",1.6909636059233
"5593",0
"55930",0
"55937",0
"5594",0
"55954",0
"55959",0
"55964",0
"55966",0
"55967",1.77625400973957
"55968",0
"5597",0
"55970",0
"55972",0
"55973",0
"55974",0
"55975",0
"5598",0
"5599",0
"560",0
"5600",0
"5601",0
"5603",0
"56033",0
"56034",0
"5604",0
"5605",0
"56052",0
"5606",0
"56061",0
"5608",0
"5609",0
"5610",0
"56103",0
"5611",0
"56125",0
"56126",0
"56127",0
"5613",0
"56142",0
"56172",0
"5618",0
"56180",0
"56181",1.6909636059233
"5621",0
"56243",0
"56252",0
"56254",0
"56255",0
"56256",0
"56257",0
"56259",0
"56261",0
"56262",0
"56267",0
"56270",0
"56288",0
"5630",0
"5631",0
"5634",0
"56342",0
"56344",0
"5635",0
"5638",0
"5641",0
"56413",0
"56474",0
"56479",0
"5651",0
"5652",0
"56547",0
"5655",1.77625400973957
"5660",0
"56603",4.43797914045748
"56616",4.43797914045748
"5662",0
"56624",0
"56647",0
"56648",0
"56649",0
"56650",0
"56658",0
"56674",0
"56675",0
"56681",1.6909636059233
"567",0
"56704",0
"5671",0
"56731",0
"56751",0
"5678",0
"5680",0
"5681",0
"56829",0
"5683",0
"5684",0
"56849",0
"5685",0
"56851",4.43797914045748
"56852",0
"56853",0
"5688",0
"56882",0
"56886",0
"56888",1.6909636059233
"56889",0
"5689",0
"56893",4.43797914045748
"56896",1.6909636059233
"56897",0
"56898",0
"56899",0
"5690",0
"56902",0
"56905",0
"56910",0
"56911",0
"56913",0
"56916",0
"56919",4.43797914045748
"56924",0
"56925",0
"56929",0
"5693",0
"56935",0
"56937",0
"56938",0
"5694",0
"56946",0
"56947",0
"56951",0
"56953",0
"56955",0
"56957",0
"56970",0
"56971",0
"56975",0
"56977",0
"5698",0
"56980",0
"56983",0
"56984",0
"56987",0
"56990",4.43797914045748
"56992",0
"56994",0
"56995",0
"56998",0
"57002",0
"57003",0
"5701",0
"57010",1.6909636059233
"57016",0
"57018",0
"57019",0
"5702",0
"57026",0
"57035",0
"5704",0
"57045",0
"57048",0
"5705",0
"57057",0
"57062",0
"5707",0
"5708",0
"57082",0
"57085",0
"57088",0
"57089",0
"5709",1.77625400973957
"57091",0
"57092",0
"57094",0
"57095",0
"57097",0
"57099",0
"571",0
"5710",0
"57102",0
"57103",0
"57104",0
"57106",0
"5711",0
"57111",0
"57116",0
"57117",0
"57125",0
"57128",0
"57129",0
"5713",0
"57130",0
"57132",0
"57140",0
"57142",4.43797914045748
"57147",0
"57148",4.43797914045748
"5715",0
"57150",0
"57153",0
"57156",0
"57157",0
"57158",0
"57162",0
"57167",0
"57169",0
"5717",0
"57175",0
"57178",0
"57179",0
"57180",4.43797914045748
"57181",0
"57182",0
"57186",0
"57187",0
"57189",0
"57190",4.43797914045748
"57191",0
"57198",0
"5720",0
"57205",0
"57209",0
"57211",0
"57212",0
"57213",0
"57214",0
"57216",0
"57217",0
"57221",0
"57222",0
"57223",0
"57224",0
"57226",0
"57228",1.6909636059233
"5724",1.6909636059233
"5725",0
"5728",0
"573",0
"57326",0
"57332",0
"57333",0
"57335",0
"57337",0
"5734",0
"57369",0
"5737",0
"5738",0
"57380",0
"57396",0
"5740",0
"57403",0
"57404",0
"57405",0
"57408",0
"57410",0
"57412",0
"57415",0
"57418",0
"5742",0
"5743",0
"574431",0
"57446",0
"57448",0
"57449",0
"5745",0
"57453",0
"57455",0
"57456",0
"57458",1.44033986107437
"57459",0
"5746",0
"57460",0
"57461",0
"57464",0
"57465",0
"57466",0
"57468",0
"57469",0
"5747",0
"57470",0
"57472",0
"57473",0
"57474",0
"57476",0
"57477",0
"57478",0
"57479",0
"57481",0
"57488",0
"57489",4.43797914045748
"57491",0
"57492",0
"57494",1.77625400973957
"57496",0
"57498",0
"57502",0
"57504",0
"57505",0
"57506",0
"57508",0
"57509",0
"57510",0
"57513",0
"57514",0
"57515",0
"57520",0
"57522",0
"57524",0
"5753",0
"57530",0
"57531",0
"57532",4.43797914045748
"57533",0
"57534",0
"57536",0
"57537",0
"57538",0
"5754",0
"57541",0
"57542",0
"57544",0
"57545",0
"57546",0
"57551",4.43797914045748
"57552",1.77625400973957
"57555",0
"57556",0
"57558",0
"57559",0
"5756",0
"57561",0
"57562",0
"57563",0
"57565",0
"57567",0
"57568",0
"5757",0
"57570",1.77625400973957
"57571",0
"57574",0
"57578",0
"57579",0
"57583",0
"57584",0
"57585",0
"57592",0
"57593",0
"57594",0
"57597",0
"576",0
"57602",0
"57604",4.43797914045748
"57605",0
"57606",0
"57608",0
"57610",0
"57611",0
"57613",0
"57614",0
"57615",0
"57616",0
"57617",0
"57619",4.43797914045748
"57621",0
"57622",0
"5763",0
"57630",0
"57633",0
"57644",0
"57645",0
"57646",0
"57649",0
"57655",0
"57657",0
"57659",0
"57664",0
"57669",0
"57670",0
"57673",0
"57674",0
"57677",0
"57678",0
"5768",4.43797914045748
"57680",0
"57684",0
"57685",0
"57688",0
"57690",0
"57691",1.6909636059233
"57693",0
"57695",0
"57696",0
"57697",0
"57698",0
"57699",0
"5770",0
"57700",0
"57704",0
"57706",0
"57707",0
"57708",0
"57709",0
"57710",0
"57711",0
"57713",0
"57715",0
"57716",0
"57717",0
"57719",0
"57720",0
"57721",1.6909636059233
"57722",0
"57727",0
"57728",0
"57730",0
"57732",0
"5774",0
"5775",0
"57761",0
"5777",0
"57786",0
"57794",0
"57798",0
"57799",0
"578",0
"5780",0
"57801",0
"57805",0
"5781",0
"57819",0
"5782",0
"57821",0
"57826",0
"57827",0
"5783",0
"57834",0
"5784",0
"57862",0
"5787",0
"5789",4.43797914045748
"5791",0
"5792",4.43797914045748
"5795",0
"58",0
"580",0
"5803",0
"5805",0
"5806",0
"581",0
"5810",0
"5813",0
"5814",0
"58155",0
"5817",0
"5818",1.77625400973957
"58190",1.44033986107437
"58191",0
"582",0
"5822",0
"5825",0
"5828",0
"5829",0
"5830",0
"5831",0
"5832",0
"5833",0
"5836",0
"58472",0
"58473",0
"58476",0
"58477",0
"58478",0
"58485",0
"58487",0
"58488",0
"58489",0
"58490",0
"58491",0
"58493",0
"58496",0
"58500",0
"58504",0
"58505",0
"58512",4.43797914045748
"58513",0
"58516",0
"58525",0
"58526",0
"58528",0
"58533",0
"5859",0
"586",0
"5860",0
"5861",0
"5862",0
"5864",0
"5865",0
"5866",0
"5867",0
"5869",0
"587",0
"5870",0
"5871",4.43797914045748
"5872",0
"5873",1.6909636059233
"5876",0
"5878",0
"5879",0
"5881",0
"5884",0
"5885",0
"5886",0
"5887",0
"5888",0
"5892",0
"5894",0
"5899",0
"59",0
"5901",0
"5903",0
"5905",0
"5908",0
"59084",0
"5909",0
"5910",0
"5911",0
"5912",0
"5914",0
"5916",0
"5917",0
"5921",0
"5922",0
"5925",0
"5926",0
"59269",0
"5927",0
"59274",0
"5928",0
"59283",0
"59284",0
"59285",0
"59286",1.77625400973957
"5929",0
"5930",0
"5931",0
"5933",4.43797914045748
"59336",0
"59338",4.43797914045748
"59339",0
"5934",0
"59340",0
"59343",0
"59345",0
"59349",0
"59350",0
"59351",0
"5937",0
"5939",0
"595",4.43797914045748
"596",0
"5962",0
"5965",0
"5966",4.43797914045748
"5970",0
"5977",0
"5978",4.43797914045748
"5979",0
"598",0
"5980",0
"5981",0
"5982",0
"5983",0
"5984",0
"5985",0
"5989",0
"599",0
"5990",0
"5991",0
"5994",0
"5997",0
"5999",0
"60",0
"6007",0
"6008",0
"6009",0
"6010",0
"6011",0
"6018",0
"6019",0
"602",0
"60312",4.43797914045748
"60313",0
"60314",0
"60343",0
"6038",0
"60386",0
"604",0
"60401",0
"6041",0
"60436",0
"6045",0
"6046",0
"60468",0
"6047",0
"60481",4.43797914045748
"60485",0
"6049",0
"60491",0
"60492",0
"60496",0
"605",0
"6050",0
"60509",0
"60526",0
"60528",0
"60558",0
"60559",0
"60560",0
"60592",0
"60626",0
"60674",0
"60684",0
"607",0
"6091",0
"6093",0
"6094",0
"6095",0
"610",0
"6102",0
"6117",0
"6118",0
"6122",0
"6124",0
"6125",0
"6129",0
"6130",0
"6132",0
"6133",0
"6134",0
"6135",0
"6136",0
"6138",0
"6139",0
"6141",0
"6142",0
"6143",0
"6144",0
"6146",0
"6147",0
"6152",0
"6155",0
"6156",0
"6157",0
"6158",0
"6159",0
"6160",0
"6164",0
"6165",0
"6166",0
"6167",0
"617",0
"6170",0
"6171",0
"6173",0
"6175",0
"6176",0
"6182",0
"6183",0
"6185",0
"6187",0
"6188",0
"6189",0
"6191",0
"619208",4.43797914045748
"619279",4.43797914045748
"6193",0
"6194",0
"6195",0
"6197",0
"6198",0
"6201",0
"6202",0
"6203",0
"6204",0
"6206",0
"6207",0
"6208",1.44033986107437
"6209",0
"6210",0
"6217",0
"6218",0
"6223",0
"6228",0
"6229",0
"623",0
"6230",0
"6231",0
"6232",0
"6233",0
"6234",0
"6236",0
"6237",0
"6238",0
"6239",0
"6240",0
"6241",0
"6242",0
"6247",4.43797914045748
"6249",0
"6253",0
"6257",0
"6259",0
"6263",0
"627",0
"6272",0
"6273",0
"6279",0
"6280",0
"6288",0
"6293",0
"6294",0
"6297",0
"6299",4.43797914045748
"6301",0
"6302",0
"63027",0
"63035",0
"6304",0
"6305",0
"6307",0
"6309",0
"631",0
"6310",0
"6311",0
"6314",0
"6319",4.43797914045748
"632",0
"6323",0
"6327",0
"6328",0
"633",0
"6331",0
"6332",0
"6335",0
"6337",0
"6341",1.6909636059233
"6342",0
"6346",0
"6347",0
"6349",0
"6352",0
"6355",0
"6356",0
"636",0
"6360",0
"6364",0
"6367",0
"637",0
"6374",0
"6382",0
"6383",0
"6385",1.44033986107437
"63874",0
"63875",0
"63876",0
"6389",0
"63891",0
"63892",0
"63897",0
"63899",0
"639",0
"6390",0
"63905",0
"63906",0
"63915",0
"63916",0
"63917",0
"63924",0
"63926",0
"63929",0
"63931",0
"63932",0
"63934",0
"63935",0
"63939",0
"63941",0
"63943",0
"63967",0
"6397",0
"63971",0
"63979",0
"6398",1.6909636059233
"6399",0
"6400",0
"6404",0
"64062",0
"64063",0
"64065",0
"6407",0
"64077",0
"64081",0
"64087",0
"64089",0
"64091",0
"64092",0
"64093",0
"64094",0
"641",0
"64101",0
"64105",0
"64106",0
"64108",0
"64111",0
"64112",0
"64114",0
"64115",0
"64116",0
"64121",0
"64122",0
"64127",0
"64130",0
"64132",0
"641339",0
"64137",0
"64145",0
"641455",0
"64146",0
"64149",0
"64151",0
"6416",0
"641649",0
"64167",0
"64168",0
"6418",0
"642",0
"64207",0
"6421",0
"64215",0
"64216",0
"6422",1.77625400973957
"64221",0
"64222",0
"64223",0
"64224",4.43797914045748
"642273",0
"64241",0
"6425",0
"642517",0
"6426",0
"6427",0
"642797",0
"6428",0
"642819",0
"64282",0
"64283",0
"64285",0
"6429",0
"6430",0
"643155",0
"64318",0
"64319",0
"6432",0
"64324",0
"643253",0
"64327",0
"6433",0
"64332",0
"6434",0
"64342",0
"64343",0
"64344",0
"64359",0
"64375",0
"64376",0
"643836",0
"643853",0
"64386",0
"6439",0
"643904",1.6909636059233
"64393",4.43797914045748
"64395",0
"64396",0
"64397",4.43797914045748
"64398",0
"64399",0
"64400",0
"644096",0
"64410",0
"64412",0
"644150",0
"64417",0
"64419",0
"64420",0
"64421",0
"64423",0
"64425",0
"64427",0
"64429",0
"6443",0
"64430",0
"64432",0
"64434",0
"6444",0
"644591",0
"6446",0
"644739",0
"644815",0
"64506",0
"6451",0
"645359",0
"645369",0
"6455",0
"64579",0
"645840",0
"645974",0
"64599",1.77625400973957
"64600",0
"646019",0
"6461",0
"6464",0
"64645",0
"646450",1.6909636059233
"64682",0
"646851",0
"6469",0
"646982",0
"6470",0
"647024",0
"64708",0
"647087",0
"64710",0
"64718",0
"6472",0
"6473",0
"647310",0
"6474",0
"64743",0
"64744",0
"64746",0
"64747",0
"64750",0
"64754",0
"64755",0
"64756",0
"64759",0
"64760",0
"64763",0
"64764",0
"64766",0
"64768",0
"64769",0
"64770",0
"64771",0
"64778",0
"64779",0
"6478",0
"64780",0
"64781",0
"64782",1.44033986107437
"64784",0
"64786",0
"64789",0
"64792",1.6909636059233
"64793",0
"64795",0
"648",0
"6480",0
"64802",1.44033986107437
"6483",1.6909636059233
"64834",0
"64837",0
"64838",0
"64839",0
"64840",0
"64841",0
"64843",0
"64850",0
"64852",0
"64853",0
"64854",0
"64855",0
"64856",0
"64857",0
"64858",0
"64859",0
"64866",1.77625400973957
"648791",0
"64895",0
"64900",0
"64902",0
"6491",0
"64919",0
"64921",0
"64924",1.6909636059233
"64925",0
"64928",0
"64943",0
"6495",0
"64951",0
"6496",0
"64960",0
"64963",0
"64969",0
"6497",6.21423315019705
"64979",0
"6498",0
"64981",0
"64983",0
"650",0
"6500",0
"65005",0
"6502",0
"6505",0
"65055",0
"65056",6.12894274638079
"65059",4.43797914045748
"6506",0
"65061",0
"6507",0
"65078",0
"65080",0
"65083",0
"6509",0
"65095",0
"651",0
"6510",0
"65108",0
"65110",0
"65117",0
"65124",0
"65125",0
"6513",0
"6515",4.43797914045748
"6517",0
"651746",0
"6518",0
"6520",0
"6521",0
"6522",0
"65220",0
"65243",0
"65244",0
"65249",0
"6525",0
"65250",0
"65251",0
"65258",0
"6526",0
"65260",0
"65263",0
"65264",0
"65265",0
"65267",4.43797914045748
"65268",1.44033986107437
"6528",0
"653073",0
"653121",0
"653140",0
"653145",0
"6532",0
"653247",0
"6533",0
"653308",0
"653319",0
"6535",0
"653519",0
"653567",1.44033986107437
"6536",0
"653604",0
"653619",0
"653784",0
"654",0
"6541",0
"6542",0
"654254",0
"654364",0
"6546",0
"6547",0
"654790",0
"6548",0
"655",1.77625400973957
"6550",0
"6553",0
"6556",0
"656",0
"6560",0
"6564",0
"6565",0
"6566",0
"657",1.6909636059233
"6573",0
"6574",0
"6576",0
"658",0
"6580",0
"6581",0
"6584",0
"6585",0
"6586",4.43797914045748
"659",0
"6590",0
"6591",0
"6594",0
"6595",0
"6596",0
"6597",0
"65977",0
"65979",1.6909636059233
"6598",0
"65981",0
"65983",0
"65986",0
"65988",0
"6599",0
"65992",0
"6601",0
"6602",0
"6603",0
"66036",0
"6604",0
"6605",0
"6606",0
"6608",0
"6609",0
"661",0
"6611",0
"6613",0
"6615",0
"6616",0
"6619",0
"6623",0
"6624",0
"6625",0
"6626",0
"6627",0
"6628",0
"6629",4.43797914045748
"663",0
"6631",0
"6632",1.6909636059233
"6634",0
"6635",0
"6636",0
"6640",0
"6643",0
"6645",4.43797914045748
"6646",0
"6647",0
"6648",0
"6649",0
"665",0
"6650",0
"6651",0
"6652",0
"6654",0
"6655",0
"6657",0
"6659",0
"6660",0
"6662",0
"6664",0
"6666",0
"6667",3.21659387081394
"6668",0
"667",0
"6670",0
"6671",0
"6672",0
"6674",0
"6678",4.43797914045748
"6683",0
"6689",1.6909636059233
"6693",0
"6697",0
"6708",0
"6711",0
"6712",0
"6715",0
"6717",0
"6718",0
"672",0
"6720",0
"6721",0
"6722",0
"6723",0
"6726",0
"6727",4.43797914045748
"6728",1.44033986107437
"6729",0
"673",0
"6732",0
"6733",0
"6734",4.43797914045748
"6737",0
"6738",0
"6744",0
"6745",0
"6747",0
"675",0
"6751",0
"6752",0
"6753",1.44033986107437
"6758",0
"6760",1.44033986107437
"6767",0
"677",0
"6770",0
"6773",0
"6774",0
"6776",0
"6777",0
"678",0
"6781",0
"6782",0
"6783",0
"6785",0
"6786",0
"6787",0
"6788",0
"6789",0
"6790",0
"6793",0
"6794",4.43797914045748
"6801",0
"6804",0
"6809",0
"6810",0
"6812",0
"6813",0
"6814",0
"6815",0
"682",0
"6821",0
"6829",0
"6830",0
"6832",0
"6836",0
"6837",0
"6838",0
"6839",0
"6847",0
"685",0
"6856",0
"6857",0
"686",0
"6860",0
"6862",0
"6865",0
"6867",0
"6868",0
"687",0
"6870",0
"6871",0
"6872",0
"6876",0
"6877",0
"688",0
"6880",0
"6883",0
"6884",0
"6885",4.43797914045748
"6886",0
"6888",0
"689",0
"6890",0
"6892",4.43797914045748
"6894",0
"6897",0
"6901",0
"6907",0
"6909",1.77625400973957
"6915",0
"6917",0
"6921",0
"6923",0
"692312",0
"6924",0
"6925",0
"6926",0
"6928",0
"6929",0
"6932",0
"6934",0
"6935",0
"694",0
"6942",0
"6943",0
"6944",0
"6945",0
"6948",0
"6949",0
"6950",0
"6988",0
"699",0
"6990",0
"6992",4.43797914045748
"6993",0
"6996",0
"6998",0
"70",0
"7001",0
"7003",0
"7005",0
"7008",0
"7009",0
"701",0
"7011",0
"7013",0
"7014",0
"7015",0
"7016",0
"7019",0
"7020",4.43797914045748
"7021",0
"7023",0
"7024",0
"7027",0
"7029",0
"7031",0
"7035",0
"7037",0
"7039",0
"7040",0
"7041",0
"7042",0
"7044",0
"7045",0
"7046",0
"7048",0
"7049",0
"705",0
"7050",0
"7051",0
"7052",0
"7056",0
"7057",0
"7058",0
"7064",0
"7066",0
"7067",0
"7068",0
"7071",0
"7073",0
"7074",0
"7077",0
"7078",0
"7082",0
"7083",0
"7086",0
"7087",0
"7090",0
"7092",4.43797914045748
"7094",0
"7095",0
"7097",0
"7098",0
"7099",0
"71",0
"7100",0
"7101",0
"7103",0
"7105",0
"7107",0
"7109",0
"7110",0
"7112",0
"7114",0
"7124",0
"7126",0
"7128",0
"7134",0
"7135",0
"7143",0
"7145",0
"7150",0
"7152",0
"7153",0
"7157",0
"7158",0
"7159",0
"7161",0
"7162",0
"7163",0
"7164",0
"7165",0
"7167",0
"7168",0
"7170",0
"7171",0
"7174",0
"7175",0
"7178",0
"718",0
"7182",0
"7184",0
"7185",0
"7188",0
"7203",0
"7204",0
"7220",0
"7224",0
"7225",0
"7227",0
"723790",0
"7247",0
"7248",0
"725",0
"7251",0
"7257",0
"7259",1.77625400973957
"726",0
"7262",0
"7263",0
"7268",1.6909636059233
"7272",0
"7274",0
"7275",0
"7276",0
"727910",0
"727936",3.46721761566287
"727940",0
"727957",0
"7280",0
"728113",0
"728116",4.43797914045748
"7283",0
"728340",0
"7284",0
"728489",0
"728492",0
"728568",0
"7286",0
"728621",0
"728642",0
"728661",4.43797914045748
"728882",0
"7289",0
"728927",0
"729",0
"729085",0
"7291",0
"729288",0
"7294",0
"729438",0
"729515",0
"729583",0
"7296",0
"729627",0
"7297",0
"729747",0
"7298",0
"729857",0
"729920",0
"729993",0
"730",0
"730005",0
"730087",0
"730094",0
"7301",0
"7306",0
"731",0
"7310",0
"7311",0
"7314",0
"7316",0
"7317",0
"7319",0
"7321",0
"7322",0
"7323",0
"7326",0
"7327",0
"7328",0
"7329",0
"7332",0
"7334",0
"7335",0
"7336",0
"7341",0
"7342",0
"7343",0
"7345",0
"7351",0
"7355",0
"7357",0
"7358",0
"7360",0
"7363",4.43797914045748
"7365",0
"7366",0
"7367",0
"7368",0
"7371",4.43797914045748
"7372",0
"7373",0
"7374",0
"7375",0
"7376",1.77625400973957
"7378",0
"7379",0
"738",0
"7381",0
"7385",0
"7386",0
"7398",0
"7399",0
"740",1.44033986107437
"7402",0
"7403",0
"7405",0
"7407",0
"7408",0
"7410",1.44033986107437
"7411",0
"7412",0
"7414",0
"7415",0
"7416",0
"7417",0
"7421",0
"7422",4.43797914045748
"7423",0
"7424",0
"7428",0
"7429",0
"7430",0
"7431",0
"7436",0
"7441",0
"7442",0
"7443",0
"7447",0
"745",0
"7453",0
"7456",0
"7458",0
"7461",0
"7462",1.77625400973957
"7464",0
"7465",5.87831900153186
"7466",0
"7468",0
"7471",0
"7473",0
"7474",0
"7476",0
"7477",0
"7480",0
"7482",0
"7483",0
"7484",0
"7486",0
"7490",0
"7494",0
"7503",0
"7504",0
"7507",0
"7508",0
"7512",0
"7514",0
"7516",0
"7520",0
"7525",0
"7528",1.6909636059233
"7529",0
"753",0
"7531",0
"7533",0
"7534",0
"7538",1.44033986107437
"7539",0
"754",0
"7541",0
"7543",0
"7551",0
"7552",0
"7553",0
"7554",0
"7555",0
"7559",0
"7561",0
"7562",1.44033986107437
"7565",0
"7566",0
"7571",0
"7572",0
"7576",0
"758",0
"7581",0
"7584",0
"7586",1.6909636059233
"7594",0
"7596",0
"7597",0
"7621",0
"7625",1.44033986107437
"7627",0
"7637",0
"7638",0
"7639",0
"7644",1.6909636059233
"765",0
"7652",0
"767",4.43797914045748
"7675",0
"7678",0
"768239",0
"7690",0
"7693",0
"7695",0
"7697",0
"7700",0
"7703",0
"7704",0
"7706",0
"7707",0
"771",0
"7710",0
"7712",0
"7716",0
"7718",0
"7727",0
"7728",0
"773",0
"7730",0
"7733",0
"7738",0
"7739",0
"7745",0
"7748",0
"775",0
"7750",0
"7752",0
"7753",0
"7756",0
"7757",0
"7762",0
"7764",0
"7767",0
"7769",0
"7773",0
"7779",0
"7780",0
"7781",0
"7782",0
"7789",0
"7791",0
"7798",0
"780",0
"7802",0
"7803",0
"7804",0
"7805",0
"7812",0
"7813",0
"7818",0
"782",0
"783",0
"7832",4.43797914045748
"7837",0
"7840",0
"7841",0
"7844",0
"7846",0
"7851",0
"7852",0
"7855",0
"7862",0
"7866",0
"7867",0
"7871",0
"7873",0
"7874",0
"7879",0
"78990",0
"78991",0
"790",0
"79001",0
"79002",0
"79003",0
"79004",0
"79005",0
"79007",0
"79009",0
"79012",0
"79016",1.77625400973957
"79017",0
"79018",0
"79019",0
"79023",0
"79026",0
"79027",1.6909636059233
"79031",0
"79034",0
"79035",0
"79036",0
"79038",0
"79039",0
"79041",0
"79047",0
"7905",0
"79056",0
"79058",0
"79065",0
"79066",0
"79068",0
"79071",0
"79073",0
"79074",0
"79077",0
"79078",0
"79080",0
"79084",0
"79085",0
"79088",0
"79091",1.6909636059233
"79092",0
"79094",4.43797914045748
"79101",0
"79102",0
"7913",0
"79134",0
"79136",0
"79137",0
"79139",0
"79144",0
"79145",0
"79147",0
"7915",0
"79152",0
"79155",0
"79158",0
"79159",0
"7916",0
"79169",0
"7917",0
"79172",0
"79177",0
"7918",0
"79180",0
"79183",0
"79184",0
"79188",0
"7919",0
"79228",0
"79230",0
"79269",0
"7936",0
"79363",0
"79364",0
"79366",0
"79368",0
"7941",0
"79411",0
"7942",0
"79441",1.6909636059233
"79442",0
"79443",0
"79446",0
"79447",0
"79465",0
"795",0
"79541",0
"7957",0
"79570",0
"79572",0
"79573",0
"79576",0
"79577",0
"79583",0
"79585",0
"79589",0
"79591",0
"79594",0
"79596",0
"79598",0
"79600",0
"79602",0
"79603",0
"79609",0
"79618",0
"79621",0
"79622",0
"79624",0
"79625",0
"79627",0
"79628",0
"79634",0
"79635",0
"79640",0
"79642",0
"79644",0
"79646",0
"79647",4.43797914045748
"79650",0
"79651",0
"79654",0
"79657",0
"79659",0
"79660",0
"79663",0
"79664",0
"79665",0
"79666",0
"79671",0
"79672",0
"79673",0
"79676",0
"79677",0
"79680",0
"79683",0
"79684",0
"79693",0
"79695",0
"79698",0
"79699",0
"79707",0
"79709",0
"79710",0
"79711",0
"79712",0
"79717",0
"79718",0
"79719",0
"79720",0
"79727",0
"79730",0
"79731",0
"79733",0
"79735",0
"79738",0
"79739",0
"79742",0
"79744",1.6909636059233
"79745",0
"7975",1.6909636059233
"79751",0
"79752",0
"79760",0
"79762",0
"79763",0
"79770",0
"79776",4.43797914045748
"79777",0
"79784",0
"79786",0
"79788",0
"7979",0
"79791",0
"79794",1.77625400973957
"79796",0
"79801",0
"79805",0
"79807",0
"79810",0
"79813",0
"79814",0
"79817",0
"79822",0
"79827",0
"79828",0
"79829",0
"79830",0
"79832",0
"79833",0
"79834",0
"79836",0
"79837",0
"79838",0
"79839",0
"7984",0
"79842",1.6909636059233
"79847",0
"79850",0
"79853",0
"79856",0
"79862",0
"79866",0
"79869",0
"79871",0
"79873",0
"79874",0
"79875",0
"79876",0
"79877",0
"79879",0
"7988",0
"79884",0
"79888",0
"79890",0
"79892",0
"799",0
"79901",1.77625400973957
"79902",0
"79913",0
"79915",4.43797914045748
"79922",0
"79924",1.6909636059233
"79929",0
"7993",0
"79931",0
"79933",0
"79937",0
"79939",0
"7994",0
"79944",4.43797914045748
"79949",0
"79954",0
"79956",0
"79959",1.6909636059233
"79960",0
"79961",0
"79962",0
"79966",0
"79968",0
"79969",0
"79971",0
"79973",0
"79974",0
"79979",0
"79980",1.6909636059233
"79989",0
"79990",0
"79993",0
"800",0
"80003",0
"80004",0
"80005",0
"80006",0
"80008",0
"8001",0
"80010",0
"80012",0
"80014",0
"80018",0
"80020",0
"80025",0
"80028",4.43797914045748
"80032",1.6909636059233
"80036",1.6909636059233
"80045",0
"80067",4.43797914045748
"80071",0
"80095",0
"801",0
"80110",0
"80111",0
"80119",0
"80124",0
"80127",0
"80129",0
"8013",0
"80139",0
"80142",0
"80143",0
"80144",0
"80146",0
"80148",0
"80150",0
"80153",0
"80155",0
"80167",0
"80169",0
"80174",0
"80176",0
"80179",0
"80183",0
"8019",0
"80194",0
"80195",0
"80196",0
"80201",0
"80204",0
"80205",0
"80207",0
"80208",0
"80209",0
"8021",0
"80218",0
"80219",0
"80223",0
"80224",0
"80227",0
"80228",1.6909636059233
"80232",0
"80243",0
"80255",1.6909636059233
"80262",0
"80263",0
"80264",0
"80267",0
"8027",0
"8028",0
"8030",0
"80301",0
"80304",0
"80305",0
"80306",0
"80308",0
"80310",0
"80311",0
"80312",0
"80313",1.6909636059233
"80315",0
"80317",0
"80321",0
"80323",0
"80324",0
"80325",0
"80326",0
"80328",0
"80339",0
"8034",0
"80342",0
"80344",0
"80345",4.43797914045748
"80346",0
"80347",0
"80351",0
"8036",0
"8038",0
"80381",0
"8048",0
"805",0
"8050",0
"8061",0
"8065",0
"80704",0
"80709",0
"80725",0
"80727",0
"80728",0
"8073",0
"80736",0
"80737",0
"80742",4.43797914045748
"80746",0
"80755",0
"80757",0
"8076",0
"80760",0
"80762",0
"80765",0
"80772",0
"80774",0
"80777",0
"80778",0
"8078",0
"80781",0
"80789",0
"8079",0
"808",0
"80816",0
"80818",0
"8082",0
"80821",0
"80823",0
"80824",0
"80829",0
"80830",1.6909636059233
"8085",4.43797914045748
"80851",0
"80854",0
"80856",0
"8087",0
"8089",0
"80895",0
"8091",0
"8092",0
"80975",0
"8099",0
"81",0
"81029",0
"81034",0
"81035",0
"81037",0
"8106",4.43797914045748
"811",0
"8110",0
"8125",0
"81285",0
"813",0
"8131",0
"8139",0
"814",0
"8140",0
"81472",0
"8148",0
"81490",0
"81491",0
"81493",0
"815",0
"81502",0
"81516",0
"8153",1.6909636059233
"81537",0
"81539",0
"81542",0
"81544",0
"81545",0
"81552",4.43797914045748
"81553",0
"81554",0
"81555",0
"81556",4.43797914045748
"81562",0
"81563",4.43797914045748
"81565",0
"81566",0
"81570",0
"81572",0
"81573",0
"81575",0
"81579",0
"81602",0
"81603",0
"81605",0
"81609",0
"8161",0
"81610",0
"81611",0
"81614",0
"81617",0
"81618",0
"81619",1.6909636059233
"81620",3.21659387081394
"81622",0
"81628",0
"81631",0
"8165",0
"81671",0
"81688",0
"81689",0
"81691",0
"817",0
"81706",0
"8178",0
"81786",0
"81788",0
"81793",0
"81796",0
"818",0
"81831",1.44033986107437
"81839",0
"81844",0
"81848",0
"81855",0
"81856",0
"81857",0
"8187",0
"81873",0
"81875",0
"81876",0
"81887",0
"81889",0
"8189",0
"81890",0
"819",0
"8192",0
"81929",0
"81930",0
"81931",0
"820",0
"8200",0
"8202",0
"8204",0
"8208",0
"821",5.87831900153186
"822",0
"8220",0
"8227",0
"8228",0
"823",1.44033986107437
"8239",0
"8241",0
"8242",0
"8243",0
"826",0
"8260",0
"8266",0
"827",0
"8273",0
"828",0
"8289",0
"829",0
"8290",0
"8293",0
"8294",0
"8295",0
"830",4.43797914045748
"8301",0
"8303",0
"831",0
"8312",0
"8314",0
"8317",0
"832",0
"8320",0
"8321",0
"8322",0
"8323",0
"8324",0
"83259",0
"8326",0
"8329",0
"833",0
"8331",0
"8334",0
"8335",0
"8336",0
"8337",0
"8338",0
"8339",0
"83394",0
"8340",0
"8341",0
"8343",0
"83439",0
"8344",0
"83442",0
"83443",0
"83444",0
"83445",4.43797914045748
"8345",0
"83452",0
"83460",0
"8348",0
"83480",0
"83482",0
"8349",0
"835",0
"8350",0
"8351",0
"8352",0
"8353",0
"83539",0
"83540",0
"83541",0
"83543",0
"83544",0
"83546",0
"83548",0
"83549",0
"8355",0
"83552",0
"8356",0
"8357",0
"8358",0
"8359",0
"83590",0
"83591",0
"83593",0
"83594",0
"83596",4.43797914045748
"836",0
"8360",0
"83607",0
"8361",0
"8362",0
"8363",0
"83637",0
"8364",0
"83640",0
"83643",0
"83648",0
"8365",0
"8366",0
"83660",0
"83666",0
"83667",0
"8367",0
"8368",0
"83694",0
"83695",0
"8370",0
"83716",0
"83732",0
"83734",0
"83737",0
"83742",0
"83752",0
"83759",0
"83786",0
"83787",0
"838",0
"83849",0
"83853",0
"83857",0
"83858",0
"83861",1.6909636059233
"83871",0
"83872",0
"83876",0
"83879",0
"83881",0
"83884",0
"83890",0
"83892",0
"839",0
"83903",0
"83931",0
"83932",0
"83935",0
"83939",0
"83956",0
"8396",0
"83985",0
"83987",0
"83990",0
"83999",4.43797914045748
"840",0
"84002",0
"84034",0
"8405",0
"84056",0
"84060",1.6909636059233
"84061",0
"84063",0
"84067",0
"84068",0
"8407",0
"84078",0
"84079",0
"8408",0
"84081",0
"84084",0
"841",0
"84102",0
"84105",0
"84109",0
"8411",0
"84124",0
"84126",0
"84128",0
"84131",0
"84132",0
"84133",4.43797914045748
"84134",0
"84135",0
"84142",0
"84144",0
"84146",0
"84154",0
"84159",0
"84162",0
"84163",0
"84164",0
"84166",0
"84168",0
"8417",0
"84171",0
"84172",0
"84187",0
"84188",0
"84191",0
"84193",0
"84196",4.43797914045748
"842",0
"84206",0
"84224",0
"84230",0
"84231",0
"84236",0
"84239",0
"84240",0
"84243",0
"84245",0
"84246",0
"84248",0
"8425",0
"84250",0
"84253",0
"84255",0
"84256",0
"84259",0
"84260",0
"84262",0
"84267",0
"84268",0
"84269",0
"8427",0
"84271",0
"84272",0
"84273",0
"84275",0
"84276",1.44033986107437
"84277",0
"84279",0
"84281",0
"84282",0
"84283",0
"84284",0
"84285",0
"84286",0
"84293",0
"84295",0
"84296",0
"84298",0
"84299",0
"84301",0
"84302",0
"84305",0
"84311",0
"84312",1.6909636059233
"84317",0
"84318",0
"84319",0
"84327",0
"84328",0
"84331",0
"84333",0
"84334",0
"84335",0
"84336",0
"84337",0
"8434",4.43797914045748
"84340",0
"84364",0
"84365",0
"84376",0
"8439",0
"84418",0
"84435",0
"84437",0
"8444",0
"84440",0
"84444",0
"84446",0
"84447",0
"84449",0
"8445",0
"84451",0
"84458",4.43797914045748
"8446",0
"84460",0
"84461",0
"84464",0
"8449",0
"84498",0
"84501",0
"84502",0
"84504",0
"84515",0
"84516",4.43797914045748
"8452",4.43797914045748
"84520",0
"84525",0
"84529",0
"8453",0
"84532",0
"8454",0
"84542",0
"84545",0
"84549",0
"84553",0
"84561",0
"8458",0
"8459",0
"8460",0
"84612",0
"84614",1.44033986107437
"84617",0
"8462",0
"84622",0
"84627",0
"84629",0
"84640",0
"84641",0
"84649",0
"84656",0
"84662",0
"84665",1.6909636059233
"84667",1.6909636059233
"84668",0
"84669",0
"8467",0
"84671",0
"84674",0
"84678",0
"84679",0
"84687",1.77625400973957
"84705",0
"84706",0
"8471",0
"84720",0
"84722",0
"84725",4.43797914045748
"84726",0
"8473",0
"84733",4.43797914045748
"84734",1.77625400973957
"84735",1.6909636059233
"84747",0
"84750",0
"84775",0
"84790",0
"84804",0
"84807",0
"84811",0
"84817",0
"84818",0
"8482",0
"84823",0
"84826",0
"84833",0
"84836",0
"84838",0
"84844",0
"84858",0
"84859",0
"84864",0
"84865",0
"8487",0
"84874",0
"84876",0
"84879",0
"84881",0
"84883",1.44033986107437
"84886",0
"84888",0
"84890",0
"84892",0
"84893",0
"84894",0
"84895",0
"84896",0
"84897",0
"84898",0
"84899",0
"8490",0
"84901",0
"84902",0
"84904",0
"84908",0
"84909",0
"84910",0
"84912",0
"84913",0
"84914",0
"84915",0
"84916",0
"84919",0
"84920",0
"84923",0
"84924",0
"84929",0
"8493",0
"84930",0
"84932",0
"84938",0
"84939",0
"84942",0
"84946",0
"84947",0
"84950",0
"84951",0
"84952",0
"84954",0
"84959",0
"8496",0
"84961",0
"84967",0
"8497",1.77625400973957
"84976",0
"84978",0
"8498",0
"84984",0
"84985",0
"84986",0
"84987",0
"8500",0
"85007",0
"85013",0
"85015",0
"85019",0
"8502",0
"85021",0
"85026",0
"8503",0
"8507",0
"8517",0
"8518",0
"8519",0
"8520",0
"8521",0
"8522",0
"85235",0
"85236",0
"8526",0
"8527",0
"85300",0
"85301",0
"8531",0
"85313",0
"85316",0
"8533",0
"8534",0
"8535",4.43797914045748
"85358",0
"85363",0
"85364",0
"85365",0
"85377",0
"85378",0
"85379",0
"8538",0
"8539",0
"85403",0
"85407",0
"85415",0
"85416",0
"85439",0
"85440",0
"85444",0
"85450",0
"85451",0
"85456",0
"85459",0
"85460",0
"85461",0
"85462",0
"85463",0
"85464",0
"85465",0
"85474",0
"85477",0
"8549",0
"8550",0
"8553",0
"8554",0
"8555",0
"8556",0
"8560",0
"8562",0
"8563",0
"8564",0
"8565",0
"8566",0
"857",0
"8570",0
"8573",4.43797914045748
"8574",0
"8575",0
"8576",0
"8577",0
"8578",0
"85865",1.6909636059233
"860",0
"8600",0
"8602",0
"8603",1.77625400973957
"8604",4.43797914045748
"8605",0
"8609",0
"861",0
"8611",0
"8613",0
"8614",0
"8615",0
"862",0
"8624",4.43797914045748
"8625",0
"8626",0
"8630",0
"8632",0
"8634",0
"8636",0
"8638",0
"864",0
"8645",0
"8648",0
"8649",0
"865",0
"8650",0
"8651",0
"8653",0
"8655",0
"8658",0
"8660",0
"8662",0
"8663",0
"8664",0
"8665",0
"8666",0
"8667",0
"8668",0
"867",0
"8673",0
"8675",0
"8677",0
"8678",0
"8682",0
"8683",0
"8693",0
"8694",0
"8703",0
"8704",0
"8705",0
"8706",0
"871",0
"8714",0
"8717",0
"87178",0
"8718",0
"8721",0
"8723",0
"8729",0
"873",0
"8731",0
"8739",0
"874",0
"8740",0
"8741",0
"8742",0
"8744",0
"875",1.77625400973957
"8751",0
"8760",0
"8761",0
"8763",0
"8766",0
"8773",0
"8774",4.43797914045748
"8776",0
"87769",0
"8780",0
"8793",0
"8795",0
"8797",0
"8799",0
"8800",0
"8801",0
"8802",0
"8805",0
"8809",0
"8812",0
"8814",1.44033986107437
"8816",0
"8818",0
"8819",0
"8820",0
"8824",0
"8825",0
"8826",0
"8829",0
"8831",0
"8834",0
"8838",0
"8839",0
"8840",0
"8842",0
"8844",0
"88455",0
"8850",0
"8851",0
"8852",0
"8853",0
"8854",0
"8856",0
"8861",0
"8862",0
"8863",1.77625400973957
"8864",0
"8867",0
"887",0
"8870",0
"8871",0
"8872",0
"8874",0
"88745",0
"8875",0
"8877",0
"8878",4.43797914045748
"8879",0
"8880",0
"8882",0
"8884",0
"8886",0
"8887",0
"8888",0
"889",0
"8891",0
"8892",0
"8893",0
"8894",0
"8895",0
"8897",4.43797914045748
"890",0
"8900",0
"8904",0
"8905",0
"8909",0
"891",0
"8911",0
"89122",0
"8914",0
"8915",0
"8924",0
"8925",0
"8927",0
"8928",0
"8930",0
"8932",0
"8933",0
"8935",0
"8936",0
"894",4.43797914045748
"8941",0
"8943",0
"8945",0
"896",0
"8968",0
"8969",0
"8970",1.6909636059233
"8971",0
"8972",0
"8975",0
"8976",0
"89781",0
"89782",0
"89790",0
"89795",0
"89796",0
"89797",0
"898",4.43797914045748
"89832",0
"89848",0
"8985",0
"89853",0
"8986",0
"89882",0
"89884",0
"89890",0
"899",1.77625400973957
"8991",0
"89910",0
"8992",0
"89927",0
"89932",0
"8994",0
"89941",0
"89958",0
"89970",0
"8999",0
"90",0
"900",0
"90007",1.77625400973957
"90011",0
"9002",0
"90102",0
"90121",0
"90139",0
"9014",1.6909636059233
"90141",0
"9015",0
"9016",0
"90161",0
"9019",0
"90199",0
"9020",0
"90204",0
"9022",0
"90231",0
"90233",0
"9024",0
"9025",0
"9026",0
"90268",0
"9031",0
"90317",0
"9032",0
"90321",0
"90326",0
"90333",0
"90353",0
"90355",0
"90362",0
"9037",0
"90381",0
"9039",0
"904",4.43797914045748
"9040",0
"90407",0
"90411",0
"90416",0
"90417",1.6909636059233
"90427",0
"9043",0
"9044",0
"90441",4.43797914045748
"9045",0
"90480",0
"90488",0
"9049",0
"905",0
"9052",0
"90522",0
"90529",0
"9053",0
"9055",0
"9056",0
"9057",0
"90576",0
"9058",0
"90580",0
"90594",0
"9060",0
"9061",0
"90624",0
"90627",0
"9063",3.13130346699768
"90639",0
"9064",0
"9066",0
"90673",0
"9069",0
"9070",0
"9076",0
"90780",0
"9079",0
"908",0
"90806",0
"90809",0
"90850",0
"90853",0
"90861",0
"9088",1.77625400973957
"9091",0
"9093",0
"90933",0
"90956",0
"90957",0
"9096",4.43797914045748
"9097",0
"9098",0
"90987",1.77625400973957
"9099",1.77625400973957
"91",0
"9100",0
"9101",0
"91010",0
"91039",0
"91050",0
"91056",0
"91057",0
"9107",0
"9110",0
"9111",0
"9112",0
"91120",0
"9113",0
"91133",0
"91137",0
"91147",0
"91156",0
"9117",0
"9118",0
"912",0
"9120",0
"9122",0
"9124",0
"9125",0
"91252",0
"9126",0
"9128",0
"91283",0
"91300",0
"9133",0
"9134",4.43797914045748
"9135",0
"9136",0
"91368",0
"91369",0
"9138",0
"9139",0
"91392",0
"9140",0
"91404",4.43797914045748
"91408",0
"91433",0
"9144",0
"91442",0
"91445",0
"9145",0
"91452",0
"9146",0
"91461",0
"9149",0
"915",0
"9150",0
"91526",0
"9153",1.6909636059233
"9154",0
"91544",0
"91574",0
"91607",0
"91608",0
"91612",0
"91653",0
"91662",4.43797914045748
"91663",0
"9167",0
"91687",0
"91689",0
"9169",0
"917",0
"9170",0
"9172",0
"91746",4.43797914045748
"91748",0
"91749",0
"91750",0
"91754",0
"91768",0
"91775",0
"9180",0
"91807",0
"9181",0
"9182",0
"91851",0
"91862",1.6909636059233
"91869",0
"91875",0
"9188",0
"9189",0
"91893",0
"91894",0
"9191",0
"9194",0
"91947",0
"9197",0
"91977",0
"91978",1.6909636059233
"92",0
"920",0
"92002",0
"92014",1.6909636059233
"92017",0
"9202",0
"9203",0
"9204",0
"9208",0
"9209",0
"92092",0
"92106",0
"9212",0
"92126",0
"9213",0
"92140",0
"92154",0
"9217",0
"9220",0
"9221",0
"9223",0
"9227",0
"92270",1.6909636059233
"92285",0
"92293",0
"9230",0
"92305",0
"9231",0
"92312",0
"9232",0
"92345",0
"9236",0
"9238",0
"92399",0
"9241",0
"9242",0
"9244",0
"9245",0
"9248",0
"9249",0
"9252",0
"92521",0
"9253",0
"9255",0
"92558",0
"9258",0
"92591",0
"92597",1.77625400973957
"9260",0
"92609",0
"9261",0
"92610",0
"9262",0
"9263",0
"9265",1.6909636059233
"9266",0
"92667",0
"92689",0
"92691",0
"92714",0
"92745",1.6909636059233
"9275",0
"9276",0
"9277",0
"9278",0
"92806",0
"9282",0
"92822",0
"92856",0
"9289",0
"92906",0
"92912",0
"92935",0
"9294",1.44033986107437
"92949",0
"9295",0
"9296",0
"92979",0
"92999",0
"93",0
"93034",0
"9306",0
"9308",0
"93081",0
"93099",0
"93100",0
"93109",0
"9313",0
"93134",0
"9314",0
"9315",0
"93166",0
"9318",0
"93183",0
"93185",0
"9319",0
"93190",1.6909636059233
"9320",0
"9321",0
"9322",0
"9326",0
"9328",0
"9329",0
"9330",0
"9331",0
"93323",0
"9334",0
"93343",0
"93349",0
"9338",0
"9340",4.43797914045748
"9341",0
"9342",0
"9343",0
"9344",0
"93487",0
"9349",0
"9351",0
"93517",0
"9352",0
"9354",1.77625400973957
"9355",0
"93550",0
"9356",0
"93594",0
"93621",0
"93624",0
"93643",0
"93663",0
"93664",0
"9367",0
"9368",0
"9369",0
"9371",4.43797914045748
"9372",0
"9373",1.6909636059233
"9377",0
"9388",0
"9391",0
"9392",0
"9394",0
"93973",0
"93974",0
"94",0
"940",0
"94005",0
"94015",0
"9402",0
"94031",0
"94032",0
"94039",0
"9404",0
"94056",0
"94081",0
"9409",0
"94103",0
"94104",0
"9411",0
"9412",0
"94120",0
"9413",0
"94134",0
"9414",0
"9415",0
"9416",0
"94160",0
"9419",0
"942",0
"9420",0
"9421",0
"9422",0
"9423",0
"94234",0
"9424",0
"94241",0
"94274",0
"9429",0
"9440",0
"9441",0
"9443",0
"9444",0
"9445",0
"9448",0
"9451",0
"9453",1.6909636059233
"9455",0
"9462",0
"9465",0
"9466",0
"9467",0
"9468",0
"9469",0
"947",0
"9472",0
"9475",0
"9477",0
"9478",0
"9480",0
"9486",0
"949",0
"9491",0
"9493",4.43797914045748
"9495",1.44033986107437
"9497",0
"95",0
"950",0
"9500",0
"9501",0
"9507",1.44033986107437
"9510",0
"9513",0
"9515",0
"9516",0
"9517",0
"9518",0
"9520",0
"9521",0
"9522",1.6909636059233
"9525",0
"9526",0
"9527",0
"9528",0
"9529",0
"953",0
"9530",4.43797914045748
"9531",0
"9536",0
"9538",0
"9542",0
"9543",0
"9545",0
"955",0
"9550",0
"9556",0
"9559",0
"956",0
"9562",0
"9563",0
"9567",0
"9568",0
"957",0
"9570",0
"9575",0
"9577",0
"9580",0
"9581",0
"9583",0
"9584",0
"9585",0
"9586",0
"9589",0
"959",0
"9590",0
"9592",0
"9595",0
"960",0
"9601",0
"9609",0
"961",0
"9610",0
"9611",0
"9612",0
"9615",0
"9618",0
"9620",0
"9628",1.77625400973957
"9631",0
"9632",0
"9633",0
"9635",0
"9637",0
"9639",0
"9640",0
"9641",0
"9643",0
"9644",0
"9645",0
"96459",0
"9646",0
"9647",0
"9650",0
"9652",0
"9653",0
"9655",4.43797914045748
"9656",0
"9658",0
"9659",0
"966",0
"9662",0
"96626",0
"9668",0
"9672",0
"9673",0
"9674",0
"96764",0
"9677",0
"9678",0
"9682",0
"9683",4.43797914045748
"9685",0
"9686",0
"9687",0
"9688",0
"9689",5.87831900153186
"969",0
"9690",0
"9692",0
"9694",0
"9695",0
"9697",0
"9698",0
"9700",0
"9701",0
"9702",0
"9703",0
"9705",0
"9706",0
"9709",0
"9710",0
"9712",0
"9715",0
"9716",0
"9717",0
"9718",0
"9722",0
"9723",0
"9725",0
"9726",0
"9727",0
"9728",0
"9729",4.43797914045748
"9731",0
"9732",0
"9733",0
"9736",0
"9738",0
"9739",0
"9741",0
"9742",0
"9743",0
"9746",0
"9748",0
"9749",0
"975",1.44033986107437
"9750",0
"9753",0
"9754",0
"9757",0
"9759",0
"976",0
"9761",0
"9764",0
"9765",0
"9766",0
"9767",0
"9768",0
"977",0
"9770",0
"9774",0
"9775",0
"9777",0
"9778",0
"9780",0
"9781",0
"9782",0
"9784",0
"9785",0
"9786",0
"9787",0
"9788",0
"9790",0
"9792",0
"9793",0
"9794",0
"9798",0
"9801",0
"9802",0
"9804",0
"9805",0
"9806",0
"9807",1.77625400973957
"9810",0
"9811",0
"9812",0
"9813",0
"9815",0
"9816",0
"9817",0
"9818",0
"9819",4.43797914045748
"9823",0
"9824",0
"9825",0
"9827",1.77625400973957
"9829",0
"983",0
"9831",0
"9832",0
"9833",0
"9839",0
"9840",0
"9841",1.6909636059233
"9842",0
"9846",0
"9852",0
"9853",0
"9854",0
"9857",0
"9858",0
"9859",0
"9860",0
"9861",0
"9862",0
"9868",0
"9869",0
"9870",0
"9871",0
"9873",0
"9874",4.43797914045748
"9875",0
"9877",0
"9878",4.43797914045748
"9879",0
"988",0
"9880",0
"9883",4.43797914045748
"9885",0
"9887",0
"989",0
"9895",0
"9896",0
"9897",0
"9898",0
"990",0
"9900",0
"9903",0
"9904",0
"9906",0
"9907",0
"9908",0
"9909",0
"991",0
"9910",0
"9911",0
"9913",0
"9917",1.6909636059233
"9918",0
"9919",0
"9920",0
"9922",0
"9923",0
"9924",0
"9925",0
"9926",0
"9927",0
"9928",0
"9929",0
"993",1.6909636059233
"9931",0
"9935",0
"9939",0
"994",0
"9942",0
"9943",0
"9945",0
"9948",0
"9949",0
"995",0
"9953",0
"9955",0
"9957",0
"9958",0
"996",0
"9960",0
"9961",0
"9963",0
"9965",0
"9966",0
"9967",0
"9969",0
"997",0
"9971",0
"9972",0
"9973",0
"9978",0
"998",0
"9980",0
"9982",0
"9986",0
"9987",0
"9988",4.43797914045748
"999",0
"9990",0
"9991",0
"9997",0
